ЧЛВК_ИД,ГРУППА_ИД,УРОВЕНЬ_ДОСТУПА_ИД
66902,5,2
27415,3,2
5764,2,2
88208,4,2
65031,1,0
89981,2,2
19338,1,2
75005,4,1
31623,3,2
10665,4,1
32014,1,1
68502,3,1
65605,3,2
85536,2,0
84165,4,2
82789,4,0
94982,5,2
81629,0,2
52476,0,1
87441,3,1
34011,0,2
70974,4,2
41356,0,1
73081,5,2
13373,2,2
6016,3,2
55485,0,2
68047,1,2
11220,4,2
46691,1,2
68796,4,0
640,3,2
85684,3,2
38746,2,2
1830,2,0
16642,0,1
18392,5,1
4672,3,1
65739,0,0
59736,2,1
29129,3,2
87039,4,1
82520,5,2
92403,2,2
19152,1,2
53409,0,2
36290,4,2
10317,2,0
66991,4,1
65131,0,1
55605,4,2
9165,2,1
44215,1,1
5601,1,1
75559,2,2
89076,5,1
95384,0,2
79317,5,2
95854,0,0
29612,4,2
68610,2,0
19795,2,2
75933,1,2
71266,5,1
34298,5,1
24537,2,2
4873,5,1
1563,3,0
58004,0,2
96870,4,2
2690,4,2
60095,2,1
83438,3,0
53206,3,1
16439,0,1
52307,2,0
39775,0,2
40016,5,2
84457,4,0
19327,1,2
26538,5,1
31511,2,2
37412,0,1
5576,2,2
69115,2,2
12532,4,0
3695,3,2
4924,0,0
90661,1,2
30360,3,0
28192,4,2
22494,5,1
63245,2,2
304,0,2
51227,5,1
86367,3,2
5377,3,2
17224,1,2
31761,1,1
66290,4,2
80296,0,2
44844,2,1
67562,1,2
64538,2,2
75251,1,2
70048,0,2
80125,3,2
85301,3,2
83272,5,1
80518,5,1
44101,1,2
74351,3,2
12677,3,0
3271,3,2
73750,4,1
72840,5,1
77039,0,2
37230,1,2
85716,4,1
22358,3,1
87031,2,2
12628,0,2
79111,4,2
36080,4,2
86399,1,0
41682,4,0
39193,4,1
41683,3,2
94614,1,0
19156,3,2
33671,4,0
53263,1,1
54009,3,2
64035,4,1
88380,3,1
87280,2,1
10636,5,1
12791,0,2
86331,3,2
77138,5,2
75668,2,2
23395,4,1
41849,3,2
59882,3,1
58970,1,0
57788,0,2
73625,0,0
92751,3,2
3940,4,0
19051,0,1
98298,5,1
44931,5,0
35628,0,1
53119,1,2
36553,4,2
68775,1,2
85182,4,2
4972,0,1
92382,0,2
90477,2,2
4173,1,2
24080,4,0
52066,1,1
47277,3,2
37162,4,2
91160,5,2
30113,4,2
30339,3,2
83406,5,2
72035,4,2
68103,0,2
33358,4,1
90197,1,0
78416,2,2
52113,3,0
54403,0,1
91934,0,2
12718,4,2
85091,1,2
76559,5,0
83111,2,2
83168,1,0
15800,3,2
84432,5,1
31114,2,2
48762,2,2
74913,3,2
44530,1,0
202,0,2
45030,4,2
61811,5,2
91717,0,1
79577,1,0
47216,3,0
39032,2,2
88930,0,1
26326,3,2
38908,1,2
8019,3,1
39495,4,0
81086,1,2
83403,2,2
4618,5,2
34548,3,1
28946,3,1
3614,5,0
79897,3,0
39612,5,2
34423,1,2
77910,5,2
80367,1,2
92785,5,2
18200,3,1
13306,4,2
961,3,2
66645,4,2
82772,1,0
88091,2,1
91136,2,2
48282,1,1
98959,4,0
25704,3,2
24968,3,1
87977,3,2
49644,1,1
64327,2,2
90287,4,2
95108,1,1
42790,1,1
10925,0,2
27968,1,2
68752,4,1
30913,0,2
14551,5,1
32410,2,1
55411,4,2
25822,1,2
81704,4,2
3756,3,2
66350,0,2
52657,1,2
51071,3,2
96825,3,1
33504,0,0
68784,0,0
56120,3,2
89748,5,2
18966,4,0
10422,5,2
25261,2,2
66810,5,2
30004,4,1
37191,3,2
81227,3,1
49276,2,1
9237,1,2
17387,1,2
61715,3,2
87194,1,1
72354,2,2
82293,5,0
88195,0,2
99495,2,2
19621,2,0
16284,1,2
45080,4,0
24938,1,1
95826,2,1
82736,4,1
14431,5,2
58214,3,2
54758,2,1
53695,0,1
74843,4,2
42603,2,2
68579,5,1
90045,0,2
626,1,2
2924,3,2
84767,5,2
54748,0,2
93170,1,2
3086,2,0
60666,4,2
35215,3,1
88755,3,2
41282,0,0
48959,2,1
81687,5,0
4180,2,1
35245,2,1
68812,4,2
62926,4,0
91034,3,2
87560,1,1
77506,4,0
72797,5,2
49282,1,0
48176,3,2
93913,4,2
7479,4,2
70696,5,2
43570,1,2
88320,5,1
42466,0,2
73378,1,2
29460,2,0
54982,4,1
92100,3,2
55521,3,2
6331,1,2
48827,4,2
22720,4,2
43047,5,1
87437,3,1
10059,5,2
2703,3,0
72211,0,2
517,0,1
78764,5,0
71480,0,2
54267,0,1
5060,0,1
79663,4,0
59721,3,2
55909,4,2
55939,0,1
70912,0,1
61847,5,1
92342,1,1
72082,4,2
63313,1,2
57584,2,0
2447,2,2
89862,1,1
35725,5,2
30567,4,1
255,0,1
91730,0,0
72553,0,2
77995,2,2
32047,0,1
89143,5,0
59684,1,2
60170,4,2
39583,2,2
45621,4,1
32999,4,0
88685,4,0
58819,1,2
40556,0,2
62583,4,1
6114,3,1
94013,5,0
52357,1,0
36487,0,0
20847,2,1
13294,2,1
12891,4,0
5130,4,1
48669,4,2
75566,1,1
91198,1,1
63843,5,2
68218,4,2
50246,5,2
33794,2,0
94228,0,2
12688,0,2
55457,1,1
3813,5,2
68087,0,0
62993,3,2
71696,4,2
43238,0,2
4157,1,1
24476,3,2
92709,4,2
40015,0,1
89210,0,1
97185,3,1
62364,5,0
4653,0,0
8020,3,2
16262,2,1
97874,1,2
82272,2,2
41130,0,2
90812,2,0
60328,1,2
44468,3,2
1849,4,1
23741,0,2
95186,3,2
51474,3,1
68192,4,1
43847,4,0
51926,1,1
46475,2,1
89463,3,2
46342,0,2
74905,5,2
40834,3,0
9014,5,1
54549,3,1
18872,4,2
88450,5,0
66161,0,1
57995,3,0
31790,5,1
18648,0,0
88007,5,1
86418,3,2
9929,3,1
76887,0,0
89604,3,2
25037,0,2
17822,2,1
36102,0,2
54202,5,1
48214,1,0
33979,1,1
80783,4,1
13336,5,1
82003,3,0
27926,3,2
3549,1,2
58992,0,0
31272,0,1
16829,5,2
58612,3,1
406,4,1
86002,1,2
47455,1,2
34725,4,1
43979,2,0
69526,4,1
73379,5,2
20217,2,2
45011,4,1
92292,4,1
73556,3,1
78989,3,2
21247,2,2
58961,3,2
90617,0,1
22263,0,2
67085,0,2
25046,5,0
70078,3,2
88260,1,1
72369,4,1
12878,4,2
26354,5,1
76882,3,2
35238,4,2
59677,4,0
40373,0,2
25124,5,0
77211,4,2
89736,5,2
93019,5,1
88807,2,1
43105,3,1
96836,2,1
34442,5,1
11582,4,2
45784,1,2
9396,0,0
82676,0,0
15884,0,2
34706,0,2
18429,3,2
94569,3,2
58979,1,2
18932,4,1
11473,4,1
29097,2,2
71512,2,1
98119,3,2
90549,4,2
261,0,1
90448,5,2
75491,1,1
9635,5,2
65583,0,1
56839,5,2
50826,0,1
77852,0,2
34631,2,2
16989,3,2
87907,3,1
3429,3,0
3528,0,2
44145,0,0
21327,5,2
54280,5,1
68705,0,1
42682,1,0
62925,0,2
36416,1,1
48642,4,1
51419,2,0
15069,0,1
27422,1,2
1577,1,1
67936,2,2
8956,4,0
1986,2,0
56488,2,2
44407,2,1
75036,2,0
73780,0,1
75298,0,2
70195,4,2
96329,0,2
95732,4,2
46943,2,1
13219,3,2
37570,3,1
53412,1,1
84120,5,1
30417,2,2
67345,2,1
54653,0,2
68016,1,2
35601,4,1
26777,5,1
6778,4,2
71466,2,1
62495,1,2
68830,0,2
88093,4,0
9577,2,1
3461,2,2
64846,1,1
61901,2,0
74931,2,2
40448,3,1
78932,0,2
10620,3,1
17218,3,2
49821,0,2
91637,1,2
7690,2,2
63279,4,1
20794,2,2
32543,3,0
74293,2,1
84242,4,2
87184,1,1
63899,2,2
50763,5,1
74549,3,2
6366,5,1
30653,0,2
43845,2,0
14679,2,2
67954,1,2
16610,5,2
4038,5,2
6794,3,2
19139,3,2
53838,4,1
78537,2,0
46816,2,2
10376,2,1
40163,0,1
31617,0,2
26668,0,1
43069,1,2
96878,5,2
35899,0,1
48194,3,2
92015,5,2
41318,2,1
64946,3,1
77515,5,2
41309,2,2
85250,0,2
51690,5,2
46786,3,0
3394,1,2
73544,1,2
92856,4,2
88463,2,0
90257,0,1
46503,5,1
46806,2,2
20220,5,2
36730,3,1
33670,4,1
59548,3,2
14704,1,0
61330,0,1
34978,3,1
11123,1,2
90028,5,2
96091,3,2
3932,1,1
17181,3,2
92649,0,1
98904,5,2
18556,0,1
5694,4,2
61763,0,2
31753,4,2
19150,0,1
41730,4,0
21325,1,2
31242,5,0
14075,5,2
98164,2,2
2327,3,1
1091,5,1
72891,5,2
40489,1,1
22649,5,1
2926,1,0
24786,0,2
60335,2,0
63417,4,1
86453,3,0
8191,1,0
10408,0,1
73171,0,1
65334,3,1
17473,0,2
33247,2,2
96893,3,0
73789,4,1
56652,2,1
44047,2,2
51971,1,2
45665,3,2
58587,0,2
57372,4,2
46613,5,2
27974,5,2
24304,5,2
75247,0,2
56139,1,2
751,5,0
84137,3,2
76048,2,1
35869,3,0
93531,4,1
76602,0,0
44658,5,2
74024,1,2
25895,5,1
9943,2,1
9687,1,0
72893,0,2
44672,4,1
43377,2,2
95940,3,2
70895,4,0
95438,2,2
76011,1,2
56279,1,1
79852,0,2
71538,2,1
38681,4,1
53439,3,2
86497,5,1
78821,5,2
9369,0,2
23076,0,2
73456,3,1
91601,2,1
10544,5,2
28290,0,2
93401,1,2
63312,5,1
95446,0,2
19864,5,2
70123,4,1
84692,2,2
70701,2,1
89866,4,1
65608,1,1
59093,1,2
43340,4,2
11414,2,2
70445,5,2
54873,2,0
80777,2,2
99433,5,2
91270,5,1
70537,4,2
90428,2,0
31454,0,0
66989,1,1
59094,3,1
4831,2,1
28117,4,1
31074,2,0
58528,1,2
83779,0,0
36469,5,2
20392,2,0
93841,0,0
89083,1,1
41259,0,2
46967,5,2
18661,5,2
28850,2,2
37354,0,2
63108,0,2
58219,5,1
1367,1,1
29888,4,1
39821,2,1
41705,2,1
39050,4,2
12913,3,1
21,0,2
85786,0,1
44060,4,1
29026,3,2
29903,2,2
86805,5,2
20316,2,1
90924,3,0
23406,5,2
8509,3,2
3378,4,0
20124,3,1
90056,5,1
39872,3,2
83020,4,2
8821,5,2
26878,5,2
34683,4,1
91054,3,1
40012,3,0
70344,3,2
56982,4,2
47589,2,0
70633,5,1
45022,4,1
1530,3,2
67013,4,1
93113,4,1
7010,1,1
26895,0,0
47435,4,1
47771,0,1
6162,3,1
19559,4,0
56082,3,0
91856,2,2
51412,3,2
13168,3,2
96464,4,2
18293,2,2
4235,5,1
56534,2,2
23031,3,2
620,2,1
31045,4,2
67006,4,1
75914,3,0
35909,2,1
51193,0,2
59867,1,2
29390,1,2
17669,1,2
59748,2,2
71202,1,1
8002,4,0
13506,1,1
4737,5,2
44012,2,1
56297,0,2
49670,3,2
374,4,1
39280,3,2
9145,2,2
51388,0,1
9285,5,2
88627,4,0
52070,1,2
49078,4,2
17736,0,2
72136,2,2
20306,4,1
37861,3,2
26680,3,2
71261,0,2
35281,4,2
17756,4,1
4135,5,2
5504,4,0
19060,4,1
20805,3,1
46867,4,1
34565,2,1
85108,1,0
1089,5,2
84795,0,1
3707,4,1
55255,2,2
95371,2,1
33485,4,1
97559,3,2
33491,3,2
58013,3,2
97968,4,0
80145,5,2
25896,1,2
54183,4,1
5603,3,2
72999,4,2
38469,4,0
4376,2,2
41473,3,2
60602,0,0
84687,1,1
77908,4,1
27323,0,2
46803,1,2
6979,3,2
94766,3,0
77228,4,2
29524,0,1
12648,1,1
46633,1,1
80078,5,1
80505,4,2
21741,1,2
21474,4,0
18911,2,0
40299,4,2
40701,2,1
10066,1,1
4300,2,1
14703,5,1
34034,2,2
78956,0,1
98702,1,2
62795,2,2
36308,3,2
21807,0,2
9754,4,1
50869,5,2
19217,2,1
51570,4,1
71219,0,1
37116,5,1
81307,5,2
40206,3,2
55471,1,0
36611,5,2
81323,3,1
86788,1,2
4458,0,1
14852,2,1
9002,5,2
1008,3,2
49802,2,2
36305,1,1
43249,3,1
31737,0,1
63831,5,0
55745,3,0
87691,0,1
48721,4,2
51335,1,1
24768,5,1
8518,2,0
89003,0,1
65880,1,0
50594,1,1
11137,2,2
22806,3,0
76400,5,0
45020,2,1
86881,0,2
6131,0,0
52189,2,2
41006,0,2
61096,1,1
94545,1,1
68257,3,2
76186,5,2
78714,1,1
19736,1,0
64413,4,2
45950,4,2
42858,5,1
64658,3,2
61121,5,2
38779,2,2
98400,1,0
35214,1,2
58996,2,1
41780,4,0
60527,4,2
63671,2,2
19797,3,2
74814,4,2
9744,5,1
99087,5,1
72117,5,2
81210,4,2
103,5,1
81553,2,0
39350,0,2
2581,2,1
28526,4,2
82240,0,2
36861,3,0
27777,2,2
63868,4,1
67426,4,1
16361,2,1
48124,3,2
49479,1,2
20491,1,1
87128,1,1
38894,5,2
45235,0,1
7375,5,0
26685,0,0
4617,3,0
36808,3,2
4870,5,1
28043,2,1
65078,1,2
98914,5,2
45341,4,2
4885,0,2
61199,4,2
25781,2,1
27569,5,1
51320,4,2
23434,0,2
10280,5,1
12842,0,2
65692,4,2
19713,5,2
29300,3,0
95715,0,2
68078,5,1
45329,1,2
31638,4,1
31613,1,0
249,3,2
38124,4,2
63866,1,1
48291,1,2
6100,2,1
38843,1,1
13926,1,2
60180,3,1
2333,0,1
78582,1,2
82709,3,0
31821,0,1
58679,3,0
52467,4,2
8063,1,2
40173,4,1
54381,3,0
4973,1,1
24863,2,2
14306,2,2
15966,1,0
13008,1,0
36384,5,2
69054,2,1
99568,1,0
92916,4,2
31594,4,1
7505,2,2
95723,5,2
17437,5,1
25813,4,1
31067,4,0
16673,0,2
10700,3,1
74587,2,2
6284,1,1
21635,2,0
82292,2,2
99771,3,2
62069,3,2
74716,0,2
62628,5,1
96430,4,2
6033,0,0
73490,4,2
94870,0,0
58675,5,2
82943,1,2
14848,1,1
25452,0,2
61710,3,0
47481,0,2
53942,4,2
10947,1,0
111,2,1
59280,0,1
48576,5,1
20973,5,1
58808,3,2
22875,4,2
42245,3,0
43292,1,2
97592,3,1
31877,1,0
56036,3,0
40609,1,1
59942,4,1
16705,1,2
51292,1,2
38711,0,2
94232,2,1
21530,1,1
45870,1,2
23200,3,1
32197,3,2
96013,4,1
57415,1,1
62683,1,1
23212,0,2
60104,3,1
63127,5,1
99485,1,2
63249,1,1
27156,3,0
83729,5,2
78352,4,2
90710,3,2
67428,2,2
82426,5,1
71539,2,1
60929,5,1
75803,1,2
80675,5,2
16257,1,2
90344,5,0
1645,3,2
57348,1,1
85293,1,2
19583,3,2
6335,0,1
24943,1,2
9206,2,2
29071,1,0
11541,3,2
1929,2,2
9875,2,0
98797,4,1
34413,4,2
98749,1,2
78011,3,2
90523,1,0
19434,3,2
73839,0,1
2696,4,2
154,2,1
81011,4,1
80373,1,2
94041,2,0
62985,1,2
82757,1,1
33515,3,2
51637,3,1
19447,1,2
85505,5,2
40036,0,0
33424,0,1
49782,1,1
48824,1,2
89213,1,1
91627,0,2
10284,2,1
99747,0,2
20499,2,0
60542,3,0
39711,0,2
9761,1,2
63841,1,2
84712,0,2
22317,5,1
36344,1,2
35582,1,1
52499,0,2
67514,1,2
44678,5,2
91552,5,0
12681,4,2
93525,4,2
81237,5,0
50143,2,1
13727,3,2
64102,0,2
18336,2,0
64002,0,0
45959,1,2
17701,3,2
14621,1,2
13633,0,2
3977,5,1
62702,2,1
65346,2,1
85943,4,1
32452,3,2
73973,5,0
95309,0,1
2866,0,1
69468,2,2
30638,0,2
10052,0,2
68587,1,1
82923,4,2
7660,2,2
72763,2,2
80343,2,2
92521,2,2
23239,5,2
31251,5,2
36484,5,1
50766,1,1
93065,0,1
6500,2,2
9412,3,2
36603,1,2
36819,4,1
67022,1,2
56022,4,1
80474,2,0
94988,2,2
37126,3,1
65203,1,2
20163,1,2
44534,0,1
88866,1,1
37715,3,2
17937,2,2
77522,5,1
8729,4,0
77746,5,1
71426,2,2
43436,1,2
95745,3,1
80857,5,2
76083,2,0
43582,4,1
88512,3,1
88730,2,2
92533,0,1
71217,0,1
67897,3,2
92791,5,2
60214,3,1
78165,5,0
43566,3,1
40437,4,0
64403,3,2
1250,0,2
44639,3,2
14614,4,2
12823,3,1
42265,0,1
48557,4,2
9665,5,2
20640,0,1
95518,5,2
30086,2,0
48407,5,1
98951,1,2
12504,2,2
91574,5,0
56293,1,2
42387,3,2
30674,4,0
43008,4,2
38809,0,2
19101,3,1
75357,5,1
99156,5,2
46864,3,1
17687,0,2
75936,3,2
39266,1,0
32772,3,1
51911,5,0
88765,2,1
34466,2,1
56282,1,2
29009,1,2
78191,2,1
38336,4,2
71719,2,2
24610,1,0
88038,4,2
92550,4,2
56236,2,2
20148,5,1
86028,4,0
76930,5,1
64640,0,2
18026,2,1
29353,2,2
41652,2,2
48041,1,1
8839,4,1
78094,5,1
67245,0,1
1768,5,1
22503,5,1
78491,5,1
7741,2,2
25336,1,1
43822,1,2
64176,2,2
7174,4,2
78285,5,1
33508,5,2
47087,1,0
56373,4,2
12779,0,2
33765,4,1
33452,1,0
14576,1,2
18359,4,2
72716,4,2
43955,4,1
45773,2,2
27308,5,1
13764,5,1
31796,5,2
23617,5,0
2558,2,1
91063,2,2
2942,2,2
11026,5,2
24655,2,2
64201,4,2
25142,4,2
51552,1,1
67469,3,2
37280,1,2
4455,2,0
17886,3,1
21692,3,2
92216,2,2
47731,1,2
59546,4,0
74645,1,1
83132,2,2
43324,5,2
73240,3,2
20591,3,2
77859,4,2
54733,5,2
87556,5,2
39698,3,2
26869,5,1
53023,1,2
99611,5,0
84966,1,0
24357,3,2
98338,0,0
68639,4,2
78144,0,1
87076,3,2
57568,5,2
35745,0,2
17136,0,2
24989,5,0
19513,4,2
14640,2,2
29813,0,2
82849,1,2
43503,3,1
46857,4,2
59443,4,1
23952,0,1
45027,1,1
41413,4,1
85981,4,1
22026,0,2
835,4,0
28242,0,0
36790,3,0
68115,2,2
51331,2,2
19950,4,2
19721,2,1
76337,5,2
2730,5,1
67908,1,0
1169,2,0
81925,1,1
43048,2,2
99143,2,0
25159,5,0
7292,5,2
73423,0,2
43206,4,1
3889,3,0
53507,0,1
71908,2,1
32554,5,1
26737,5,2
79729,4,1
18264,3,0
71212,5,2
42785,5,1
35705,4,0
34913,4,1
60850,1,0
4188,0,1
33662,4,2
46134,3,2
65730,1,0
75076,5,1
66223,5,1
82253,5,0
13211,2,0
58193,0,1
90016,2,1
68825,2,0
34634,5,2
27768,4,1
23428,3,2
81829,2,2
47602,2,1
51833,1,1
13261,3,0
69138,4,0
69643,5,2
76094,2,2
56314,4,2
52688,3,1
18516,0,2
38551,2,1
97438,3,1
60789,0,2
25862,1,1
60640,4,2
13127,2,2
24158,3,1
61180,3,0
21337,0,1
47345,3,1
89794,1,2
20051,4,2
7432,1,0
32795,1,1
23256,2,2
50283,3,2
11759,1,2
92994,1,2
32983,4,1
54803,0,1
8922,4,1
10609,4,2
23872,3,1
72564,5,2
57824,0,0
47733,1,2
73084,4,1
59592,2,1
8976,3,2
26797,1,1
17569,3,2
69302,2,2
79709,2,1
87155,2,1
15490,2,2
80648,4,2
67533,2,1
8407,2,2
98577,5,2
19207,1,2
52030,2,0
66884,4,0
66100,4,2
41277,4,1
88115,2,1
12142,2,1
5027,3,2
96584,1,2
95198,1,2
53315,1,1
59838,3,1
37505,4,1
64990,2,1
9558,2,2
47058,1,2
13678,4,0
79788,4,1
79680,1,0
16764,0,0
29878,4,2
62948,0,1
68818,1,1
48129,2,2
62358,3,1
45336,2,1
14000,5,1
19568,1,2
57489,1,1
92696,4,1
96419,0,1
65526,0,1
94137,0,2
67804,4,0
38644,5,2
63932,3,2
62720,3,2
93479,5,2
20861,1,2
82872,4,2
2908,4,2
48296,1,0
95788,5,2
63016,4,2
5104,3,1
60764,1,1
77599,4,1
16763,3,2
84724,4,1
54288,4,1
75920,5,2
35715,2,2
15192,1,0
29250,3,2
5469,3,1
47984,1,2
70,5,0
90316,2,1
49187,3,2
83521,4,2
43089,1,2
75836,1,1
59180,0,0
64281,3,2
46574,3,0
1787,3,0
75400,4,2
14370,4,1
88301,0,1
59620,5,2
73587,3,2
93746,0,0
13085,1,1
6309,2,1
90136,4,2
16099,0,2
22112,5,1
16529,0,1
24496,3,0
80674,0,2
66496,2,1
48029,4,0
92321,0,1
12564,5,2
59103,5,1
94163,5,2
944,0,1
67242,2,1
49315,2,1
929,4,2
25043,3,2
7561,2,1
33522,4,1
80393,5,2
58840,2,0
50432,3,2
42246,5,0
95302,2,2
83778,5,1
8914,5,0
19887,5,1
25989,0,2
12388,4,1
72281,3,2
96597,3,1
20247,0,0
1122,5,1
39972,1,2
74627,3,0
40986,3,1
68887,0,2
74984,1,2
57859,5,0
78364,5,1
1672,4,1
40065,0,2
85840,2,1
90244,3,2
51580,3,0
81395,3,2
4281,4,1
12769,1,0
48088,4,2
49834,1,1
67702,5,1
92409,1,1
27164,0,0
8551,0,2
23945,1,1
88815,5,1
97105,1,2
7445,5,2
11400,1,2
4190,2,1
33603,4,1
73990,2,1
27823,1,2
39603,3,0
88985,2,1
51463,0,2
90587,2,1
29945,3,1
8773,1,1
23988,5,2
3372,5,1
30712,3,2
27406,2,2
40071,4,1
74165,1,2
94022,5,1
26067,1,1
69109,1,1
15024,2,0
50516,1,1
80650,3,2
59967,4,2
1653,1,2
7021,4,2
57229,4,0
15859,5,2
51903,3,1
95041,3,2
3473,4,1
89756,2,1
5588,0,0
94584,4,1
41222,3,2
40853,4,0
70237,4,1
78513,2,1
37411,0,2
92555,1,2
49274,4,1
34359,0,1
7760,5,2
98740,4,2
5717,1,2
64059,0,0
68810,0,2
21613,0,2
31961,4,0
96550,0,0
90055,1,1
1932,2,1
5744,1,1
33124,1,2
47605,4,2
56571,2,2
39076,0,2
12582,2,2
48628,2,2
84828,5,0
2124,1,2
88731,4,2
63775,5,0
99781,4,2
86450,4,0
50139,3,2
38237,3,2
49774,0,2
76342,5,2
77222,5,2
30260,2,1
36831,1,0
90386,0,2
38153,3,2
94332,5,1
52957,4,2
9496,3,2
63208,1,1
8695,5,2
63028,2,2
37603,2,1
15639,1,2
45332,3,2
21165,2,1
40646,0,2
30995,0,2
54336,0,2
75958,5,2
97304,4,2
59666,2,1
97855,4,2
25136,1,2
74850,0,2
87138,1,1
63720,0,2
94434,5,2
69319,5,0
57541,4,2
94481,0,2
82133,5,2
90622,5,2
81075,1,1
62754,5,1
52118,0,2
44179,4,2
36350,0,1
16209,2,1
45169,0,1
67167,5,1
19537,5,2
91839,2,1
2717,2,1
16746,0,2
15706,0,2
38577,4,2
37992,5,1
47937,4,1
29361,3,2
49745,3,0
30601,0,1
29501,2,2
63442,3,0
86620,1,1
99545,4,2
12645,1,1
38167,4,1
72425,4,2
80989,2,2
60573,2,1
82094,0,2
75589,3,1
88021,5,0
52085,5,2
27869,1,1
32462,3,0
94746,4,0
96735,4,0
88622,5,2
4355,4,1
3288,4,2
75172,4,2
18089,0,1
76843,4,2
93569,3,1
44959,5,0
90960,2,1
66057,1,1
98459,0,1
63622,1,2
31929,4,2
32298,1,2
39332,1,1
93039,1,2
89445,1,1
79601,3,1
86591,2,0
13794,3,1
15461,0,2
82566,5,2
77358,4,2
40485,2,2
82154,3,1
30574,3,0
12563,1,2
39899,5,2
85332,0,2
69688,5,0
35735,2,2
75023,4,1
70243,0,2
62289,1,2
80171,4,2
77533,1,2
91409,4,1
24570,3,1
79050,5,0
86387,4,1
18134,1,0
6395,4,1
65206,2,0
68588,3,1
96574,0,1
55238,3,2
49577,3,1
56530,1,1
67090,3,2
63562,5,2
65146,0,1
74681,5,1
16571,2,2
78937,5,1
43090,3,1
50264,0,2
13968,5,2
9699,5,2
79985,2,1
98622,5,1
30157,5,1
73823,5,2
82412,3,2
97249,5,2
65504,3,2
58046,5,1
50068,5,1
99966,2,2
15992,5,2
47856,0,2
56570,4,1
70951,5,2
21989,2,2
40272,4,2
58449,4,0
66116,2,2
29021,2,1
20942,0,1
56123,5,1
35173,1,2
10063,3,2
40949,0,1
4079,4,0
16888,3,2
10205,5,1
86077,4,2
44281,4,1
49428,5,1
14182,3,0
24788,3,1
18780,4,1
83208,5,2
44049,0,2
36365,2,1
83162,5,2
59940,5,0
83284,0,2
90174,1,2
41261,4,0
66849,3,1
10702,1,2
93617,3,2
47755,5,2
39220,2,2
74332,0,1
20401,1,2
96120,4,2
58107,0,1
20820,0,1
89307,5,1
80419,2,2
10555,1,2
54935,4,0
73323,5,0
42742,5,2
46274,5,1
87029,4,0
5162,1,2
60878,1,2
49732,3,2
15307,4,1
94647,0,2
91492,1,0
1772,1,1
46075,5,1
62842,3,1
23062,2,2
71782,2,2
2889,5,1
77229,1,1
98626,3,1
69424,4,1
65759,4,1
30174,0,1
15813,0,1
83050,5,1
56898,0,2
88949,1,2
70324,0,1
80696,1,2
76610,0,2
66738,4,0
99490,4,2
63559,3,2
86605,4,0
27752,2,2
74778,4,2
85610,3,0
66460,5,2
56457,0,1
13889,0,2
38561,0,0
42503,3,2
99112,2,1
20735,2,2
61758,2,2
54578,1,2
67748,5,0
49096,5,2
70686,2,1
98350,3,2
4901,2,1
31248,1,1
61244,3,2
80071,2,1
6873,5,2
84962,2,2
30892,0,1
38543,3,2
57539,5,1
64155,4,0
57446,2,2
31437,0,2
34064,0,0
56611,0,1
8892,3,2
11243,2,1
977,3,2
85475,1,2
80281,3,0
35329,2,2
41438,2,2
92603,4,2
42510,3,1
46435,5,1
51082,4,1
33595,1,2
94711,1,1
89930,4,1
44174,4,2
36287,4,1
71891,2,2
93311,4,1
17083,1,2
61416,3,2
38712,3,2
19082,1,2
68809,3,1
25340,2,1
30131,5,1
25991,0,1
5697,4,2
10604,1,2
63060,5,2
86775,0,2
8555,5,2
65852,4,2
53686,2,1
7705,3,1
64278,1,1
36353,1,2
32949,4,1
75322,0,2
17934,2,1
14004,1,1
85087,1,0
29962,1,2
12897,3,1
85253,5,2
90755,4,2
73988,4,2
41633,3,0
87657,2,0
25434,0,1
65176,0,2
56819,2,0
11252,0,2
53033,0,1
76391,2,0
68771,0,2
99691,4,2
77090,2,0
27418,5,0
49945,5,0
82486,1,2
16833,3,0
3924,5,1
39486,3,0
72943,1,1
53104,1,2
65193,0,2
22653,3,0
53631,0,2
91445,1,2
19141,0,1
21709,4,2
49522,0,1
10861,5,2
31724,2,1
25047,0,1
72447,4,2
94697,3,2
33578,0,2
15511,1,2
93483,0,1
16040,4,0
87999,4,1
9317,4,1
99063,0,2
66005,2,2
86797,0,1
71916,2,0
47000,4,0
96308,4,2
20210,5,0
11545,3,2
72125,5,2
32250,1,2
95407,1,2
53760,3,1
2472,0,1
19543,0,1
39534,1,0
55402,4,1
90591,0,0
72846,5,2
31699,1,2
33819,1,1
97123,1,1
48671,4,2
93605,4,0
93721,3,1
227,0,2
81923,3,2
73262,4,1
7516,5,1
36641,2,0
84264,5,0
69046,0,1
84561,2,2
81243,2,0
80538,3,2
7625,0,0
64169,2,2
25096,3,1
88943,4,1
14038,1,2
6802,0,2
69880,2,2
36427,1,2
5969,4,1
61731,0,2
46136,2,1
71963,5,1
35051,5,2
75935,0,2
90248,5,1
45538,0,2
56484,1,2
33125,2,2
48476,4,2
72417,2,2
16678,3,2
2313,3,2
67441,2,2
22802,3,2
75899,2,2
66312,0,2
4950,2,2
45316,2,2
56021,3,1
39910,0,2
63642,2,2
56849,4,0
31620,3,2
78156,4,1
16294,0,2
35257,0,2
86089,4,1
39329,4,2
31336,4,1
23335,1,2
22089,0,0
71469,2,2
32674,1,1
69724,3,2
25234,3,1
92953,4,0
24478,3,0
58124,2,2
16203,2,0
22773,1,2
63849,2,2
16564,2,2
86348,5,0
83956,5,1
41699,4,2
50862,5,0
72483,1,2
13555,2,2
53746,1,1
18272,4,0
60303,1,2
66833,3,2
50088,5,2
83575,2,2
6728,0,2
61768,1,1
7313,3,2
27174,0,0
10135,0,0
74204,2,2
36755,5,1
84160,3,2
69941,2,0
4806,1,2
5010,3,2
18875,3,1
60463,4,0
20323,1,1
59588,3,2
33047,0,0
92,1,2
98058,0,2
8576,3,1
16639,3,2
65637,0,2
65240,5,1
1719,5,0
73666,3,2
83220,2,1
24339,0,2
85582,1,0
63650,0,2
14680,5,1
5704,5,2
92813,0,0
92165,3,0
47405,2,2
85288,2,2
28143,1,1
74267,4,1
3917,4,2
53385,5,2
99731,0,2
29563,2,2
84189,5,0
35743,5,2
54524,3,1
94754,2,1
49571,0,0
79594,4,2
60114,2,2
33133,5,2
82909,5,2
26512,3,2
30322,1,2
12755,5,2
12714,3,2
46234,0,2
46298,0,2
51020,2,2
59228,2,2
98352,3,2
84199,2,2
10146,3,2
87371,0,1
34922,5,1
18009,4,2
38621,5,1
87658,3,2
89743,5,2
29654,3,0
50368,0,2
58797,1,2
4293,2,1
52446,2,1
82125,1,0
64487,2,1
30511,2,2
23257,3,2
37956,1,2
18126,4,2
60678,2,1
31807,0,0
78722,5,2
5491,5,1
94544,1,2
97770,0,0
53186,1,0
66782,5,2
51495,3,1
15692,5,2
59984,1,2
42105,4,2
69231,5,2
19942,2,2
10934,0,2
28973,3,0
86414,3,2
63085,1,2
32542,3,2
860,5,1
15225,3,2
70138,1,2
8862,1,1
39763,2,1
14971,5,1
79343,0,2
89294,5,0
23447,1,2
17600,1,1
29476,0,2
63513,0,2
2805,3,2
62296,4,2
69852,3,2
28215,5,2
95531,2,2
45578,2,2
32505,0,2
28572,4,1
48265,1,0
13646,3,2
22506,4,1
86993,3,1
75437,0,2
46576,0,2
32325,1,1
74813,1,1
78199,5,2
84915,4,2
1278,0,0
15789,5,2
82808,2,2
75423,4,2
66191,4,1
69202,0,2
81314,5,1
65743,2,0
79720,2,2
11587,1,2
19106,5,2
36647,0,2
70269,4,0
10785,2,2
967,2,1
35031,4,1
59106,4,2
40665,5,1
77577,5,1
89552,1,2
63586,3,2
8734,1,2
84472,1,1
22691,4,1
72356,4,2
96137,5,2
54071,5,2
69371,5,0
40389,0,2
49468,1,2
50468,5,2
3719,3,0
46222,1,1
75924,2,0
66797,1,0
93062,0,1
48843,1,2
55430,5,1
35690,0,0
79007,5,2
59966,1,2
61628,5,2
33113,5,1
77844,0,2
18640,1,0
27222,1,0
41722,5,0
94730,4,2
44563,0,2
7227,3,2
12974,1,1
31372,2,1
76678,5,2
22659,5,2
99054,2,2
52430,3,2
84775,2,2
17602,5,2
10619,0,1
90887,5,2
5883,3,2
4339,4,0
45675,5,0
3246,3,1
6249,0,2
94775,0,1
35962,1,2
77163,5,1
29239,5,2
49487,3,2
78098,0,2
54473,1,1
98242,1,1
70928,1,2
15119,2,2
52385,4,2
26549,3,2
70180,1,2
90819,1,1
13124,4,1
3699,1,1
9782,2,0
84513,1,2
29712,3,2
91542,4,0
56364,3,2
23678,0,0
66506,0,2
42073,1,0
49498,0,1
53778,4,1
59818,2,2
29368,0,1
41928,3,2
38846,2,1
11293,5,2
38337,3,2
46973,3,2
96335,4,2
46258,4,2
78214,5,0
80843,0,2
79698,3,1
80862,2,0
85721,4,1
58756,5,2
44233,0,2
6290,3,2
69410,5,2
3149,0,1
15372,5,2
9710,5,1
47275,3,1
79517,2,2
8508,3,2
9911,5,1
16959,2,2
8375,0,2
67371,0,2
45945,0,2
99423,3,0
38202,3,2
33342,0,1
45920,1,2
30232,0,1
32898,0,2
7743,3,2
40966,1,2
11896,0,2
67730,5,1
7932,3,2
87757,0,2
95932,3,1
64148,5,1
63272,2,2
15900,3,1
87988,0,2
32652,3,2
59040,4,0
68448,4,1
40301,1,2
13217,3,2
67294,5,0
97030,0,2
48900,2,2
98733,1,1
34966,5,0
30782,3,1
74648,3,1
70765,2,2
32897,1,2
11394,4,1
21172,3,1
91696,5,1
10133,2,2
35741,5,1
9277,0,2
54460,0,0
64407,3,1
54826,4,2
38299,0,1
11670,2,0
21415,0,2
27439,4,2
45304,1,2
61712,3,1
54185,1,1
21875,0,0
95115,4,0
79930,4,0
54431,0,2
60218,0,2
49952,5,2
2152,3,1
32581,4,0
97387,2,2
62142,2,2
15957,1,1
85891,3,2
87864,4,1
23420,2,1
413,2,1
70784,5,2
93727,2,2
67012,2,2
22318,1,1
97724,1,0
68152,2,2
8647,4,2
61446,2,1
7176,5,1
63186,3,2
17467,5,2
33813,3,0
62597,0,1
49639,1,2
58277,3,0
16200,3,0
42101,4,0
48771,0,2
64290,4,2
78586,4,2
67458,4,1
62820,3,2
14904,5,2
16652,5,1
37362,5,1
32943,5,1
12315,0,2
6851,2,2
51783,1,2
53937,0,2
14258,5,2
69219,0,1
1516,1,2
18172,5,0
83315,5,0
99153,2,1
34690,4,2
66276,3,1
67344,2,2
44757,3,1
51583,3,2
18653,1,0
9612,1,1
12310,1,1
1303,3,2
46375,0,2
71355,2,2
54117,2,1
63502,5,0
99142,3,2
74746,3,2
34807,1,0
62629,5,2
45694,4,1
8489,0,1
82820,2,1
5695,5,0
84163,3,1
95226,4,1
64384,0,2
75649,3,0
82963,2,0
45351,1,1
71390,3,1
3244,4,0
51381,1,1
71720,2,2
53308,2,1
78754,4,1
46885,5,0
6007,5,1
43667,1,2
77617,2,0
83296,5,1
76491,2,1
97738,4,1
63205,3,2
94071,2,1
38325,3,2
65419,1,2
2492,3,1
45172,2,2
32631,4,2
72323,0,2
8200,1,2
70346,2,1
10197,3,1
6532,4,2
80084,3,0
61571,5,2
42810,4,2
11553,4,2
72277,2,2
243,4,1
11948,5,1
13594,5,2
47965,2,2
77330,2,2
61639,4,1
64275,2,1
40734,2,2
94313,2,0
51649,1,0
61253,5,0
4605,3,2
97537,0,2
78157,2,2
36509,4,0
19351,2,2
73096,3,2
9556,1,2
24380,1,2
23702,1,2
2407,1,2
59506,4,1
32492,3,2
78112,4,1
72007,0,2
74669,5,2
67470,3,1
3989,3,1
11188,0,2
94812,2,1
82759,3,2
28511,1,1
91648,4,1
20691,1,2
12498,4,2
7391,0,2
5245,2,0
8717,4,1
99086,1,1
9759,4,2
71698,1,1
99322,5,2
17038,2,2
83037,1,2
80197,2,1
2448,3,1
72670,3,2
93956,5,2
15728,0,0
77027,3,2
13879,0,2
25683,3,2
75558,1,2
64159,4,1
31172,0,1
70412,2,2
58637,0,1
35886,0,2
18205,4,1
73814,4,2
31186,4,1
46127,2,2
69399,3,2
76108,5,2
39252,3,2
74677,5,0
91042,0,1
89751,3,0
4862,1,0
47543,4,2
24081,0,1
46215,2,2
1424,2,2
29992,5,2
82523,1,1
93001,1,2
47542,3,2
92891,4,1
35467,3,2
20578,5,2
19173,3,2
94346,5,2
638,1,2
49353,0,1
99101,4,0
4359,0,2
47191,2,1
65175,3,2
95441,1,2
43288,0,1
95956,2,0
91707,1,2
51762,2,0
30066,5,1
31195,5,1
10200,5,0
11869,4,0
35637,3,2
40776,5,2
24208,3,2
37711,4,2
15860,3,1
31464,4,2
27315,4,0
54637,3,2
90384,0,2
65337,0,2
88144,0,0
59166,3,0
67768,5,1
37939,3,0
48732,1,2
29136,2,2
65108,4,2
21836,2,2
21341,0,2
24999,3,2
3524,1,2
31456,5,2
24299,5,2
17513,3,1
41887,3,2
9339,3,2
36952,1,2
57231,3,2
41694,2,0
67550,5,2
43567,0,2
63088,3,0
62404,1,2
16283,5,0
21460,2,2
34674,4,1
80858,5,2
65848,2,2
10834,3,1
46539,5,2
72978,2,1
60558,5,0
76709,5,1
84800,5,2
51074,3,0
90903,4,1
65847,5,0
99350,3,2
94753,5,2
88896,5,2
11152,1,2
38897,5,2
43245,5,2
28512,5,2
32925,3,0
91502,3,2
81414,3,1
57748,2,2
24907,2,2
556,5,2
3403,1,2
42492,4,1
37923,5,2
89439,3,0
33127,1,1
89935,5,2
49168,3,0
9599,5,0
98718,0,2
35251,3,1
30279,4,1
98035,1,0
90061,0,2
90432,1,1
12068,4,1
13747,2,1
65589,3,2
42817,0,2
55311,2,0
31984,2,2
76105,1,2
79958,3,2
90247,0,1
93922,4,2
12176,0,1
99090,4,2
1115,5,1
95282,2,2
5627,1,2
15390,5,1
43623,3,0
90735,2,2
88092,4,2
2634,1,2
54100,1,1
46751,3,1
14707,1,2
20617,0,2
44222,2,1
73726,0,0
75325,0,2
80143,4,0
22673,4,1
29548,2,2
64436,4,2
2618,2,2
36459,0,0
34976,3,2
27726,0,2
62174,3,2
29022,0,2
35544,1,2
31087,0,2
2943,0,0
62406,5,1
31804,0,2
89048,0,1
30027,1,2
26132,0,2
64032,0,1
23193,3,2
54342,3,2
67334,5,1
66864,5,1
58659,0,2
57295,2,0
69107,1,1
87406,5,2
86256,1,1
57509,3,0
64977,5,0
30740,5,2
18519,0,1
2671,4,0
72655,1,0
44039,2,2
19917,2,2
87607,3,2
45311,4,1
90486,4,2
30964,0,2
39929,3,0
54742,4,2
20037,0,1
51579,2,1
71312,2,1
75086,3,2
81543,2,2
44811,4,2
15803,1,1
30248,4,2
40338,4,2
7372,1,2
3757,2,0
49575,4,1
70639,5,2
59709,4,2
97527,1,0
12386,4,1
2297,3,0
81508,3,0
6023,1,1
21424,2,2
33568,0,2
48016,1,0
64221,0,1
17640,3,2
66481,5,2
18459,4,2
12599,0,0
72801,4,2
20961,0,1
1539,3,2
99832,4,2
69839,1,0
20789,0,2
91146,0,2
82372,5,0
89886,2,2
1474,5,1
42008,0,1
81936,3,1
48714,2,1
75116,3,1
36313,3,2
77491,2,1
45720,5,2
17419,3,1
69910,2,1
93770,3,1
78109,2,2
96472,4,0
30664,1,0
6987,5,1
91326,2,1
98211,1,2
9936,0,1
71718,3,2
81980,1,2
36642,1,2
11262,3,1
59231,1,1
72513,4,0
33184,2,2
75154,3,1
61655,3,1
86995,4,1
58685,4,2
15202,0,1
76774,3,0
43709,5,1
79965,5,2
10455,5,2
29435,3,1
73164,1,2
70950,2,1
2822,0,2
73083,2,1
8906,5,1
86589,0,1
22919,5,1
45646,3,2
45770,4,0
56588,0,1
54492,4,2
29477,1,1
69071,4,1
39103,2,0
61040,1,2
27750,3,2
77137,5,2
16423,5,1
30253,2,2
68921,1,2
55235,0,1
82056,4,1
98121,1,2
42880,2,1
49299,3,1
14010,5,2
36391,2,1
22111,2,2
63590,0,1
43726,0,1
524,0,1
7435,0,2
84564,4,2
30866,5,2
44365,2,1
18628,4,0
84426,0,2
35853,4,1
49336,4,0
98000,0,1
49286,1,0
66097,4,2
91673,1,2
34863,5,2
53967,3,2
18783,0,1
54775,2,2
12457,4,1
97565,0,1
93856,0,2
62594,0,2
92308,4,0
19941,3,1
86063,4,2
67350,5,2
11524,0,1
73871,4,0
66048,0,0
89252,4,1
29316,4,1
27300,1,0
32469,0,2
50704,1,2
60179,1,2
90753,1,1
68664,2,0
89180,1,2
14290,1,1
32339,5,0
21636,3,1
44668,5,2
45825,4,0
12403,1,0
10727,5,0
1234,2,2
36733,5,2
4808,5,2
44736,5,0
54360,1,2
46982,3,0
95435,1,0
14927,4,2
55327,4,2
5375,3,2
80621,2,2
81946,1,0
13674,1,1
34023,3,1
83992,0,1
32271,5,2
68286,1,2
45387,4,1
97507,1,2
51446,0,2
86340,1,0
38831,5,1
68650,2,2
94411,3,2
8931,3,2
97979,3,2
26157,4,1
11510,3,1
45514,3,1
57675,4,0
41103,4,1
94557,1,2
69197,0,1
89128,5,1
55616,2,0
38353,5,2
84262,2,1
78472,2,2
57622,1,0
5650,4,1
4030,4,0
66449,0,2
31324,5,2
9634,1,1
60949,0,2
49001,4,2
83773,2,1
53818,1,0
86921,2,1
19501,2,2
80185,4,2
81497,0,2
605,3,2
24422,0,2
71652,0,2
64393,4,1
37554,3,1
86749,2,1
33796,4,1
64942,3,2
49246,4,2
55425,0,1
56393,1,1
77250,3,1
89559,0,2
53063,4,2
38875,1,1
98803,1,1
37930,5,2
60290,0,2
18490,0,0
12281,2,2
5421,0,2
47539,2,1
65399,0,0
54972,3,1
58230,3,0
41839,5,1
40589,2,2
30502,3,2
88590,2,2
40408,4,2
54423,0,2
55893,1,1
84380,4,1
44823,5,1
3112,0,0
88563,1,1
61373,5,0
12377,2,1
84261,5,0
19588,5,2
93748,0,1
83640,4,1
48999,2,2
6360,2,1
74665,5,1
23754,5,1
33498,2,0
84428,5,0
525,5,2
13490,2,2
68339,0,1
61668,1,2
18285,1,1
60952,4,2
83641,1,2
55869,2,2
89587,2,2
92984,3,1
95418,3,0
20907,3,2
63748,1,2
5924,2,0
54668,3,1
24219,3,2
11424,2,2
97819,4,2
19987,3,1
75561,1,1
78745,3,2
11004,4,2
62004,0,1
49565,4,1
85380,1,2
23375,2,2
42298,1,2
61579,2,2
87395,5,2
68773,3,2
84059,4,2
41398,5,0
35316,1,1
40613,3,1
36821,4,2
19983,1,1
92793,4,2
31843,5,1
22109,4,2
91984,2,1
18334,2,0
26871,0,2
42684,0,2
89703,2,2
11710,4,2
92405,0,1
74857,0,2
88211,5,1
34171,2,1
93388,3,1
71385,5,1
88006,1,1
19122,3,1
63977,1,2
36257,5,1
61953,5,1
32875,1,2
75625,5,0
7208,5,1
64780,3,2
95129,3,2
92734,1,1
70607,2,2
78163,0,1
24350,0,1
50629,2,1
83449,5,1
917,4,1
7940,3,1
97970,3,2
86039,0,2
70082,4,0
33589,5,1
76641,2,1
45894,4,1
91371,1,2
94712,1,2
75806,4,2
8336,3,2
67966,5,2
66669,2,2
2980,2,2
92030,4,0
79057,5,1
18983,2,1
14460,5,2
75475,1,2
56581,4,0
81166,2,2
91724,3,2
96,1,2
2851,0,0
98683,0,1
88690,0,2
76292,5,0
4528,0,2
65622,0,0
38722,2,1
2284,5,2
52502,2,1
57637,3,2
73408,3,0
26014,4,2
93880,3,1
75346,2,1
68636,2,1
18228,1,2
13710,2,1
48300,0,2
13666,4,1
41684,5,1
30095,5,2
57496,3,1
86235,1,1
92456,4,1
12491,2,1
51536,5,1
16745,4,2
51867,1,0
39389,1,0
35661,4,2
73016,4,0
60904,2,1
16066,5,0
92028,1,0
72918,3,0
13403,4,1
34813,1,1
86557,4,2
41788,4,2
18535,2,2
50961,1,2
66720,5,1
69190,5,1
24875,4,2
46757,1,1
41763,3,1
18940,2,1
98956,4,2
64833,4,2
7615,2,1
44551,2,2
90392,4,0
35413,2,2
6709,4,2
43645,3,1
46961,1,0
42216,5,0
68477,5,2
88267,4,2
6945,5,1
82202,3,2
1502,1,0
6983,3,0
66545,4,1
62515,5,1
16229,0,2
51080,0,2
42975,4,1
98253,1,2
63799,2,1
44941,2,2
53823,3,1
26855,2,2
14532,2,2
46392,3,1
52863,0,2
34948,1,1
95595,2,2
60522,5,2
38000,4,1
2228,5,1
50229,5,2
137,2,2
54260,1,2
88978,3,1
42066,0,1
80904,4,2
93532,4,2
18890,3,1
64895,2,1
62209,5,1
56612,2,0
28293,2,1
27119,2,2
7431,3,0
21368,0,1
58744,3,2
27053,0,2
24075,0,2
23363,0,0
43405,0,2
36712,4,2
40055,2,1
34984,3,1
80519,0,0
21149,2,1
12324,3,2
19884,1,2
83853,0,1
90796,0,2
38294,5,1
41042,4,0
58914,5,2
40669,4,2
15857,5,1
9182,2,1
16726,1,2
84649,0,2
84168,3,2
97175,1,1
20314,5,0
34979,5,1
45180,3,2
11828,1,2
21505,4,0
25172,5,1
75633,4,2
65056,5,1
19600,5,2
93899,5,2
81370,5,2
61545,4,2
60234,2,1
96126,3,2
33128,5,1
66873,1,2
17185,4,2
61509,1,1
36848,3,1
48914,2,1
58568,2,0
78675,1,2
33909,2,1
35053,3,2
40948,2,2
70841,5,2
35035,5,2
86158,5,2
76665,4,1
81926,2,0
38053,3,1
7896,2,1
96761,4,2
2905,1,2
73835,5,1
43084,3,1
74990,5,2
69714,1,1
31667,4,1
43658,5,2
15306,0,2
32239,2,2
22466,5,2
40560,2,1
51775,5,2
43080,3,0
14991,2,2
38696,5,1
33237,4,2
8621,4,2
9509,1,0
78256,2,2
17267,5,0
252,0,2
16348,5,2
20714,3,1
83762,1,2
48897,0,0
56119,0,2
75600,5,2
156,0,2
26520,4,0
42390,3,0
1567,4,2
43022,0,1
30354,0,1
15366,0,0
54086,1,2
13180,3,2
16740,5,1
61892,2,2
74481,0,1
51582,2,1
19882,5,2
18976,1,1
35592,5,1
86429,3,0
31084,1,0
99190,1,2
42579,5,0
37875,5,2
48354,0,2
27061,3,1
96564,1,0
62517,0,1
11130,4,2
52945,2,2
45092,1,1
88566,0,2
68938,4,0
92264,4,2
18036,2,0
17717,0,2
46470,4,1
50095,3,2
5677,0,2
46880,1,2
59611,3,2
28698,0,1
31664,0,2
66152,0,2
42372,1,0
81297,3,1
40852,2,1
78414,4,2
17420,1,2
82912,3,1
14897,5,2
65157,2,2
58761,1,1
82487,5,1
62382,2,0
79029,3,0
78665,1,1
37611,2,2
48035,5,2
10867,5,2
43601,4,0
31869,3,0
59020,3,1
82322,1,2
22951,4,2
74925,3,1
26804,3,1
58989,0,1
9977,0,2
29658,3,2
86277,2,1
83969,5,1
84405,1,1
84185,2,1
2832,2,2
51945,0,1
53853,0,2
75198,4,1
91983,0,2
17403,5,1
3184,2,2
23717,5,1
75882,5,2
32518,3,0
58263,2,2
23685,3,0
43279,4,2
39938,1,2
97690,2,0
92256,2,1
81325,5,2
77543,5,2
71476,0,1
41718,0,2
12250,0,2
85738,4,2
63689,0,2
94571,4,0
22508,2,1
24177,5,2
58912,0,1
31255,2,2
63545,3,1
41950,5,1
27345,5,2
95236,5,2
31411,3,1
98950,4,2
16080,4,2
84408,1,2
79388,3,2
44919,3,2
39714,2,0
24861,4,2
1659,1,0
76532,1,0
52144,5,2
9692,0,2
34837,5,2
80391,1,2
94480,0,0
40820,4,2
4008,5,2
83253,2,2
73844,2,1
92320,2,0
87994,4,0
82225,1,1
17073,4,1
30571,4,0
297,5,2
84107,0,1
34159,2,2
62450,1,2
31223,1,0
39240,5,1
31786,1,1
17629,0,1
91090,2,2
92195,0,2
57484,1,1
20811,2,2
87698,5,2
74026,4,0
59587,3,1
53378,4,2
80622,3,1
9825,4,1
24430,0,1
96311,3,1
66666,4,2
17514,5,2
76840,0,1
14942,3,2
9532,1,0
43205,2,0
25405,5,1
85720,3,2
22104,3,2
58056,4,2
82130,5,2
35613,3,1
21432,2,1
36107,2,2
78444,0,2
68050,1,0
65333,0,1
32640,5,1
38947,3,1
49790,4,2
20080,5,0
33565,4,0
98987,3,1
87997,4,0
10269,0,2
95353,0,2
485,1,0
89404,3,2
96103,4,0
96646,1,0
90995,4,2
16734,2,1
28501,3,2
47788,5,0
48747,3,1
20889,1,2
87264,3,2
31611,5,2
45652,4,2
19358,2,2
93417,3,2
82286,3,1
24535,1,1
97241,0,0
40261,2,2
37745,3,1
34280,3,2
7799,3,0
41082,0,1
32174,3,1
82493,4,1
86035,2,0
71327,5,1
55835,5,2
12461,3,0
94470,3,2
5442,4,1
66237,5,2
20801,0,0
71933,1,1
19876,0,1
83042,5,0
65218,0,2
76114,4,2
51119,5,2
12033,4,0
65182,5,1
69178,0,1
22853,3,2
58145,5,1
3422,5,2
49882,0,0
82584,1,2
78113,1,2
70563,0,2
24743,1,2
45563,1,2
70293,1,2
92468,4,1
62848,3,2
97632,4,1
40540,2,0
27722,4,0
29965,2,1
28757,3,2
76138,0,2
45524,1,2
32110,0,0
47780,2,2
6046,2,1
66592,4,2
33278,3,2
57244,0,1
13588,0,2
73695,2,1
32423,5,2
50712,2,1
43068,1,2
43848,5,2
47696,1,1
339,3,2
13196,1,1
12004,0,1
40452,3,1
81420,2,2
54046,1,1
37096,0,2
81868,0,2
24008,1,2
15923,5,1
71240,2,0
35727,1,2
19234,5,2
50076,2,1
28018,4,1
2308,0,1
9982,1,2
60271,3,2
69832,3,0
72098,5,2
8600,0,2
81966,4,2
94123,5,0
53940,2,1
70923,2,2
76670,5,0
25331,4,1
60408,1,1
7897,3,2
86860,2,2
87606,2,2
40352,5,0
82007,0,1
69334,2,2
45194,4,2
63561,0,2
70298,5,1
76125,0,2
63230,3,2
66501,0,2
36644,2,2
7253,5,2
89747,4,1
29591,1,2
88743,5,2
50128,1,1
56858,4,1
8704,3,0
48087,3,2
33336,1,2
86643,1,0
37164,0,2
92298,2,2
88010,2,2
11419,2,1
47777,3,2
91621,5,2
40265,2,0
33213,1,2
81451,0,1
58014,2,2
86745,0,0
74796,4,2
7571,1,2
35524,4,1
95556,0,1
47195,0,0
26109,0,1
84838,0,0
49258,2,1
36103,5,2
9571,5,2
74728,0,2
73674,5,1
98716,2,2
66820,0,0
52111,5,0
47419,4,2
71445,1,2
30465,1,1
59703,4,0
64114,0,1
57632,4,2
27192,5,1
93700,5,0
4210,1,0
98275,3,0
81270,1,2
16531,4,2
27438,5,2
30720,4,1
26094,2,1
35213,4,1
19471,0,0
29439,1,0
40571,3,2
75496,3,2
12963,2,2
65619,4,1
11557,3,2
7921,4,2
29126,5,1
59561,1,0
541,4,1
53293,4,2
43440,0,2
15020,0,2
69973,5,2
80616,2,2
62261,1,2
21184,5,2
88753,0,2
78052,0,2
17384,4,2
25566,4,1
55560,0,0
27376,2,2
95469,1,2
70316,4,2
39673,1,1
58722,0,2
43733,3,2
72783,5,0
15379,0,2
40145,3,2
72865,1,2
21675,2,2
5441,1,2
96333,2,1
23649,0,1
4071,5,0
3673,4,1
51000,3,0
63596,2,2
99516,1,0
25997,1,1
426,5,1
20403,0,1
53738,5,1
83627,4,2
81726,5,2
34794,0,2
89666,0,2
5712,5,2
98667,1,2
33955,4,2
50031,3,2
22171,2,2
31703,5,1
87332,5,1
68219,4,1
60631,0,1
16181,0,0
77625,4,2
41071,4,2
14043,3,2
51088,2,0
19463,4,0
64861,4,2
53933,5,2
11106,3,1
74981,3,1
25229,1,1
17742,0,2
90946,5,2
85700,1,1
40557,2,0
56155,0,1
84308,0,1
4134,2,2
37149,2,2
11232,1,0
54889,3,0
30155,3,2
14932,5,0
25306,5,1
85210,4,1
6521,0,2
65563,3,2
98545,3,0
50927,1,0
29632,5,1
72762,4,1
50220,4,1
65506,0,1
71055,5,0
76496,2,2
26029,4,1
51157,0,2
94248,0,1
47895,5,2
5002,3,0
11430,5,1
20531,5,0
65074,2,1
59559,4,2
45659,5,2
12101,3,1
40312,0,2
82793,1,2
42808,0,2
39649,4,2
67038,4,1
85644,1,2
42128,5,2
48223,3,0
96793,1,0
36708,3,2
42979,5,2
24718,0,2
57961,1,1
2366,0,2
58070,4,1
87360,0,0
54429,2,2
58958,5,2
48330,2,2
63691,3,0
64899,1,2
95511,1,2
22065,5,2
61887,0,2
68515,3,0
52181,1,0
97402,1,2
80923,3,2
8881,4,2
21102,4,1
44279,3,1
19245,5,0
18662,4,1
52569,2,1
1137,2,1
18943,1,1
48930,3,2
25628,4,2
30328,5,2
28499,0,2
39206,5,0
85368,3,2
37965,0,1
2592,0,1
43244,5,1
22094,2,2
23484,4,1
95135,4,0
60253,1,2
31846,5,2
62324,2,2
86772,4,0
50815,3,2
64969,1,2
3287,5,1
85340,0,1
77727,2,1
55135,3,2
43697,1,1
16156,0,2
22301,3,1
44535,1,0
85282,4,2
36473,2,0
98758,3,1
9549,2,1
11751,5,2
82821,2,1
46995,1,2
72000,3,2
74395,0,1
80440,5,2
9848,4,0
81351,3,2
29708,3,2
67996,3,2
19574,0,1
93511,5,1
19886,4,2
81413,4,2
27671,2,2
70420,4,0
39061,4,0
20987,0,2
93521,0,1
48451,1,0
19883,4,0
54608,1,2
69265,0,2
21134,2,2
40193,3,2
7438,5,1
39079,4,0
99572,0,1
13119,4,2
28320,0,1
95073,0,2
20515,5,2
70588,4,1
25251,2,1
35218,1,1
29382,1,0
46659,0,0
43523,3,2
98007,4,0
20076,0,2
88298,5,1
67583,5,1
4133,2,1
34588,4,2
86467,0,0
13243,2,1
23923,4,0
82901,5,2
93338,5,2
99279,3,1
80973,4,1
14091,1,1
91432,0,2
77312,0,2
60784,5,2
50161,1,2
49977,1,2
56521,4,2
61947,3,2
78230,5,2
39292,3,2
14693,0,2
44859,0,1
88691,5,2
33262,0,2
1817,1,2
74466,2,1
27838,5,1
79329,0,2
9394,2,2
83298,2,1
73200,1,2
91240,0,0
7116,5,1
80865,3,2
45547,3,2
6844,3,2
33473,2,1
80058,1,0
8579,0,1
2881,0,2
70435,0,2
17087,5,0
54543,2,1
68895,3,1
24505,3,1
45452,3,2
59844,1,2
26044,2,2
49660,4,2
94623,4,1
45171,4,2
78269,2,1
57532,3,2
14496,5,1
19674,3,2
80087,5,0
14233,5,2
37345,4,1
77207,3,2
7958,3,2
63495,0,2
79728,0,2
65006,2,1
40520,0,2
45630,0,1
11889,2,1
84306,3,2
60077,0,0
25823,4,2
29611,2,0
58953,3,0
9541,2,2
20439,3,2
67323,0,1
70797,1,1
17993,1,1
96186,2,1
99844,1,1
13943,5,1
70068,2,0
53179,0,2
2759,3,2
4012,0,1
36515,4,2
9321,2,2
68883,3,2
58287,1,2
30218,3,2
98297,2,2
84383,2,1
52987,3,1
75965,1,2
33356,1,1
89386,3,1
83176,4,2
89914,2,0
48200,1,1
25238,0,2
47410,4,0
12658,0,1
7340,4,1
26687,5,2
66143,1,2
70466,0,1
15235,4,1
2894,5,2
16942,0,2
81740,3,1
15534,2,2
31284,3,2
36955,2,0
863,1,1
98878,3,2
19684,3,0
458,3,2
59351,4,0
53882,1,1
15566,2,2
20294,4,2
63695,2,2
26923,2,0
44586,0,1
92898,3,1
64338,1,1
51915,5,1
66828,1,2
58496,4,0
52683,2,1
95522,2,1
59440,4,1
2738,0,0
18474,5,2
53060,4,2
6269,0,2
55042,2,1
52242,4,2
27244,5,1
72666,5,0
90255,4,1
34805,5,1
44057,0,2
98671,5,1
40308,0,2
53971,5,2
46873,5,2
97992,2,0
83669,2,1
25207,0,2
63994,4,1
80285,1,1
28613,2,2
18449,3,2
93602,1,1
94593,4,2
99393,5,1
94735,1,1
86503,0,1
11883,2,1
465,5,2
47840,1,2
93320,4,0
75218,4,2
34264,5,1
36497,3,2
55946,1,0
9890,4,1
36085,3,2
3106,1,2
50714,5,1
18252,3,1
29039,2,1
90482,1,1
87398,4,0
46648,3,1
42624,4,0
68524,0,2
75455,3,2
22510,1,2
94444,5,2
86401,5,1
73664,5,1
39529,5,2
12834,4,1
53384,1,0
15610,3,1
14240,0,1
3066,1,1
51806,0,0
38700,5,2
73476,2,1
69809,5,0
28328,1,2
36746,0,2
72041,3,2
56476,0,0
38768,1,2
35999,4,1
40683,3,2
55455,0,2
71550,5,2
59594,1,2
86310,4,1
63375,0,1
74658,2,2
31382,3,2
80438,3,0
77011,2,1
65122,3,2
98940,1,1
73817,2,1
32874,2,2
86583,1,0
95891,5,1
61910,0,1
76327,3,2
90881,1,0
3526,0,2
86011,1,0
37032,5,2
35101,0,2
95865,1,1
1446,3,1
47751,2,2
94496,2,1
34734,0,2
39770,4,2
91575,0,1
28867,0,2
86518,4,1
1724,1,1
23720,4,2
22394,0,0
84464,3,2
82708,0,2
38394,1,1
49269,1,1
45895,4,1
34964,4,2
52578,1,2
94615,0,0
51598,4,1
93930,0,0
48522,4,1
41895,1,0
83964,0,1
96455,4,0
82214,2,2
80545,5,2
39646,0,1
75132,1,2
73818,4,0
46621,2,0
22254,1,1
7469,5,2
9706,3,1
5922,2,2
7001,0,2
58283,5,0
98502,4,2
9969,3,1
80497,4,1
50172,1,1
84884,1,2
36797,0,1
19591,4,2
38743,1,2
48645,3,2
53793,0,0
95278,2,0
60694,4,0
11143,1,2
33952,3,1
14113,0,1
96219,1,1
91397,1,2
48545,1,1
66387,0,1
48107,0,2
62050,3,2
41046,0,1
73932,1,0
4136,1,1
39682,5,2
98638,5,2
93809,1,2
2794,1,1
25892,5,2
91148,2,0
23300,1,2
99726,0,2
53625,3,2
74295,5,2
88946,0,2
12574,3,1
37813,5,2
53964,5,2
39003,5,1
28405,3,2
65895,0,0
79794,1,0
97693,4,2
49585,2,2
99240,2,0
71404,0,0
60562,5,2
20768,1,1
29176,1,1
1997,5,1
7887,3,2
56966,5,0
61784,4,2
95719,5,2
49051,3,1
33755,0,0
86726,3,0
25647,4,2
52422,5,2
64607,4,1
34240,0,2
56447,5,0
17801,3,2
79882,2,0
24056,0,2
61597,1,0
11340,4,2
74607,4,2
20058,5,0
21794,5,2
64647,5,0
10524,5,1
13821,2,2
40932,4,2
412,0,2
34284,5,2
5237,4,2
1133,4,0
9226,1,2
52969,3,2
38165,5,1
45934,0,1
34722,0,1
27679,3,2
59062,0,1
74075,2,2
62425,1,1
79307,4,2
75353,0,2
70831,1,0
41380,4,1
12292,5,2
81784,3,2
27527,0,1
50232,3,1
53066,5,2
25756,5,2
86634,1,2
55371,4,0
73043,5,1
20786,4,2
36913,3,2
5502,3,2
95709,0,2
21909,1,1
87947,5,2
13267,2,1
55859,4,2
11439,1,2
21347,4,2
57552,3,0
21566,2,1
12148,2,2
10778,2,2
47150,1,0
7764,2,2
94902,1,0
59152,1,0
91037,1,2
45668,4,1
48583,2,0
55382,4,2
91704,2,2
13595,0,0
28409,2,2
65441,5,1
81644,1,1
78008,1,2
68622,1,2
56340,2,0
19492,1,2
17496,3,0
80821,3,2
6838,0,2
91851,2,0
2003,2,1
45300,3,2
36791,5,1
92958,3,2
69889,4,1
47028,5,1
88449,1,2
11798,3,2
7706,5,2
61038,3,2
62832,0,1
3243,1,1
16795,0,2
35677,5,1
59077,1,2
17236,4,2
31249,2,1
75096,2,1
26505,3,2
92418,5,2
9331,2,1
11422,3,2
93478,3,1
7077,4,1
3432,0,2
52886,4,2
60779,4,2
22862,1,2
90980,1,2
87895,5,1
20746,4,1
94259,2,2
67310,0,2
57147,3,0
51549,1,2
28990,1,1
79506,4,1
44546,5,0
91556,2,1
37028,4,2
99390,5,2
39831,1,2
65342,2,0
85809,0,1
65918,3,1
76165,4,2
64964,1,2
20094,3,2
74268,2,1
37882,5,1
47428,3,1
25845,0,1
44354,5,2
40965,0,1
3488,1,2
34173,3,1
34639,2,2
73454,4,2
42916,5,2
56027,3,2
51345,1,0
10194,3,1
53174,4,1
96048,5,0
21972,3,1
86701,3,2
55814,5,2
74312,0,0
85871,4,2
71907,2,1
98639,5,2
53855,3,2
10349,4,0
13884,1,1
29597,4,1
98773,0,2
54778,5,2
89676,1,2
9492,5,2
7234,1,1
67597,0,0
65538,2,0
14819,3,2
14249,5,2
63274,0,2
51986,0,2
35893,2,2
99353,2,2
62835,4,2
18294,1,2
78600,2,1
70275,5,2
48086,2,2
83479,2,2
55233,2,1
90157,3,1
31215,3,1
49266,3,2
53881,2,1
23937,3,2
95633,2,2
26892,2,1
32044,2,1
35066,3,0
16874,2,2
30350,4,1
4603,3,2
83705,0,2
1294,2,2
72641,4,2
81434,5,1
26515,3,2
61505,0,1
29322,1,1
72613,3,0
966,5,1
51498,4,1
27873,0,1
55765,4,1
21851,4,1
29964,3,1
3974,5,2
75368,4,2
40673,2,1
40587,2,2
61854,5,2
9114,0,2
25471,1,2
2173,1,0
199,3,2
57429,2,1
146,0,2
79117,3,2
65428,5,2
75590,1,0
24596,5,1
43581,4,0
46380,0,2
51853,2,2
46939,3,1
74430,4,2
38899,1,2
5512,5,2
65308,0,2
609,1,2
83439,1,2
90681,0,0
48079,3,1
78697,5,2
62949,1,1
64623,5,1
43429,3,2
6379,3,1
43353,2,2
65494,0,1
8895,2,2
62955,5,2
16834,4,1
3635,4,1
85497,4,1
395,2,1
97990,1,1
82417,2,1
49331,4,1
87746,2,1
5895,4,2
8469,0,2
30814,2,1
1324,4,2
32133,2,2
17248,3,2
5974,4,2
81932,2,2
83053,5,1
33305,3,1
29158,2,2
52489,0,0
78733,2,2
32932,5,2
6807,5,2
54522,4,0
28406,3,2
65432,4,1
63617,0,2
10127,4,1
15908,5,2
82333,1,1
80758,4,1
29946,0,2
10309,5,1
32285,0,1
7748,2,2
75849,2,1
86254,4,0
68606,3,1
41353,5,2
646,5,2
46793,5,2
76137,5,2
89418,3,2
78594,5,2
66476,0,1
57021,1,0
89910,1,1
71035,5,2
93275,1,0
64168,1,2
96758,4,1
44166,5,2
12996,0,1
90349,3,2
41164,1,2
20223,1,2
3583,5,2
22404,0,1
36883,2,2
14088,1,2
77349,5,2
14587,0,2
73418,4,1
45297,1,1
80655,3,0
2533,5,2
64435,1,1
72267,0,2
17551,2,1
71372,4,2
96397,1,2
11461,5,2
34380,5,1
86267,1,2
24644,5,1
5183,5,2
89694,0,2
11680,3,2
98495,0,2
91875,0,1
88432,3,2
14929,4,1
25011,2,1
61383,4,1
47774,5,1
95138,4,0
6137,0,2
70772,1,2
24621,3,2
47137,0,1
14140,4,2
68422,5,2
55783,3,0
38983,5,2
98481,2,1
49112,1,1
82934,1,2
88243,2,1
18637,4,1
25512,3,2
24009,5,1
75037,0,1
74584,3,2
93919,2,1
65046,0,2
99006,1,0
92166,3,1
57246,0,0
29870,1,0
25454,4,2
38645,1,1
86551,4,1
41107,2,1
21433,3,2
31840,4,1
85453,5,2
30243,2,1
18945,0,0
26421,4,1
18836,3,1
18080,4,0
76791,4,2
31068,0,1
96510,4,2
19739,5,2
48872,3,1
70858,1,2
35930,1,0
20233,4,1
21422,1,2
59713,0,1
10276,0,0
26383,5,2
12054,0,2
7809,1,1
669,1,1
64183,2,2
70065,3,2
14406,5,1
95026,2,1
50209,3,1
14063,2,1
38558,3,1
39584,2,2
971,5,2
22045,3,1
32188,0,1
34130,4,2
54607,3,2
69914,4,1
405,1,2
92262,0,2
64774,1,1
59829,1,2
35161,1,2
20953,4,2
81862,0,2
12701,4,2
19331,3,2
60586,3,0
62960,1,0
64419,1,2
83446,4,2
11974,0,2
79051,4,0
31205,3,2
19099,1,0
18064,1,2
64694,3,2
27042,4,2
52816,0,1
64980,3,1
52792,3,1
25112,2,0
40379,4,2
77620,2,2
27334,2,1
25825,4,1
68262,0,1
94798,5,2
86315,4,1
99352,0,2
93824,1,1
48698,4,2
51205,2,2
27696,5,2
57918,5,2
57112,3,1
73766,1,1
855,3,2
96017,0,2
24809,0,2
97439,1,0
23140,5,1
12286,5,2
873,1,0
35997,4,0
2782,0,2
74263,3,2
17375,5,2
47653,5,2
33635,5,1
80847,5,1
46454,3,2
12125,2,2
88941,1,2
516,2,1
47628,4,1
64046,0,0
90636,1,1
19390,3,2
68435,5,0
78479,1,1
73139,2,0
15207,5,2
45222,2,0
13496,5,1
9483,0,1
32268,1,1
80925,0,1
12144,0,1
37409,2,2
16444,2,0
40077,3,2
71871,5,0
72782,4,2
64472,4,2
58426,0,1
86116,1,2
31691,5,0
5509,1,2
54800,4,1
75089,4,2
15656,0,0
99802,4,0
97711,2,1
49141,3,2
54552,5,2
10296,2,0
8539,4,2
65530,3,1
99001,4,2
50613,1,1
13532,5,2
63493,4,0
28611,1,1
23550,1,0
2323,5,2
3969,4,1
42772,2,1
2135,5,1
89486,0,2
54481,1,2
81407,5,2
45698,0,2
42080,3,1
39112,1,1
56247,1,1
49558,2,2
29883,2,2
60467,4,2
40815,3,1
75656,4,2
29418,1,2
4295,1,2
92022,4,2
44273,1,2
62498,4,2
35172,3,0
49124,5,2
71569,1,2
84956,3,2
50917,4,2
24547,5,2
63537,4,2
6827,0,0
33477,4,1
19269,4,2
78000,5,0
26083,2,2
60409,3,2
79568,5,1
91684,4,2
19366,3,2
89627,1,2
48146,4,1
51822,2,2
98057,3,2
8947,1,1
59484,0,1
53622,2,2
69164,2,2
41401,2,1
61927,5,2
41702,5,2
80969,4,1
79546,4,2
32597,0,1
37,2,2
842,5,1
74855,3,1
85030,3,2
47868,0,1
4760,0,2
24204,2,2
18375,4,2
73237,0,2
36097,4,0
34998,1,1
80563,3,1
90418,2,2
56894,0,1
30624,2,2
25135,1,1
72473,1,2
78321,0,2
11736,5,2
69451,4,2
24338,1,1
55287,3,2
9852,4,1
31450,0,2
50481,4,1
31700,5,0
67034,1,2
63815,2,2
34812,4,0
42061,1,0
99819,4,2
41370,5,1
50416,4,1
42703,0,2
75622,0,0
92425,5,2
39441,1,2
47178,2,1
10931,3,2
46748,3,1
34535,4,0
26880,5,1
5615,3,2
37491,0,2
11371,2,2
91234,2,2
54918,3,2
83882,1,0
73648,0,2
983,5,1
43496,2,0
33148,1,1
86358,3,2
1790,4,0
33353,2,1
8506,2,2
85608,4,2
47716,5,2
82058,3,1
43819,1,2
22402,2,2
92711,3,1
10550,2,1
11824,3,2
37129,1,0
91501,2,1
49436,4,1
9734,3,1
3197,1,0
95982,1,0
59973,2,1
59612,3,0
76359,1,2
86064,5,2
38840,5,2
24568,0,1
15955,0,2
83294,3,2
58102,1,0
64229,0,1
43711,4,1
24287,5,2
56664,2,2
13286,5,1
7248,0,2
80942,4,1
7814,0,2
53420,0,2
93088,2,1
17351,3,2
75794,3,0
84742,1,2
63336,0,2
94841,5,1
49183,3,2
75159,0,0
76328,4,1
31665,5,2
30810,3,1
87508,0,2
83360,1,1
22757,3,1
40062,1,1
54994,3,2
44571,2,1
64871,3,1
2713,1,2
21889,2,2
49519,5,1
42519,4,2
22623,1,0
57115,4,2
85086,2,2
53411,2,1
81546,0,2
65250,1,0
89897,0,1
87368,5,2
33330,5,2
9707,2,2
73974,1,2
28690,1,2
82769,2,2
72657,0,2
53609,2,1
90077,5,0
39504,3,1
25838,5,2
76074,3,2
25524,1,1
14670,5,1
78412,5,2
89479,5,2
96012,5,0
19495,4,1
43230,4,1
85938,5,2
30078,4,0
7998,5,2
83303,3,2
1333,4,1
20156,0,0
18244,4,1
43477,4,1
42369,1,2
32917,5,2
13364,3,0
35578,0,1
94064,1,2
75098,0,2
64886,3,2
273,3,2
98976,1,0
12892,2,2
44472,1,0
99817,0,2
20287,3,1
86484,0,2
38435,2,1
19324,2,1
63702,2,2
49052,5,2
52382,1,1
97925,5,1
39035,5,1
27535,5,2
83048,1,1
22923,3,2
68652,3,2
98555,0,2
21470,0,1
27905,4,1
70249,3,1
76674,5,2
38573,1,1
54723,4,2
9457,1,1
3484,3,1
48805,2,1
43348,0,1
4630,5,2
16188,3,1
70372,5,2
26902,5,1
38683,5,1
43289,3,2
37893,3,2
47952,5,1
39701,4,1
43407,0,2
54437,3,1
8193,0,0
16899,5,1
76998,2,1
53707,5,1
35452,3,2
88030,0,0
30960,4,2
69864,3,0
5446,0,0
80350,3,1
10286,0,2
995,5,2
85762,4,2
50753,5,2
4161,3,0
27713,4,2
41546,3,1
7315,2,2
82026,1,2
88602,4,2
69408,0,0
95417,3,1
65265,3,2
29237,0,0
46835,0,2
97133,2,1
75004,4,2
52008,5,1
28490,0,1
63980,3,2
49712,4,1
89658,3,1
33729,5,2
2336,4,2
26188,2,1
63299,3,2
35771,4,2
15482,0,1
11183,1,2
52033,1,2
83933,5,1
43843,4,0
63333,5,2
60918,2,2
77402,1,0
84103,0,0
68544,2,1
6986,3,1
96576,5,2
1602,4,2
79917,1,2
86715,1,1
71771,3,0
75352,2,1
97735,0,2
1073,1,1
60797,1,0
30607,1,1
28465,5,2
94783,3,2
46282,3,1
45211,4,0
94150,4,0
4508,0,2
20084,4,2
58323,5,1
334,2,2
80159,3,2
98208,2,1
61346,4,1
70634,1,2
48212,3,2
98842,2,2
81643,3,2
34618,4,2
56054,2,0
75982,3,0
51289,2,1
39874,3,2
86276,4,2
97146,4,2
67643,1,0
34383,1,2
13150,5,2
58199,5,1
96138,5,1
43926,5,1
21924,0,2
73608,0,1
95920,5,0
17096,5,2
98277,2,2
65959,1,2
11000,5,1
65829,1,0
62742,2,2
91465,5,1
75027,1,0
12687,4,0
48428,1,2
12169,3,2
7335,1,2
9365,3,2
80079,0,1
94809,2,0
63858,0,2
77168,4,2
26566,2,0
12948,5,1
27981,4,1
87238,5,1
74428,5,0
55488,0,2
44307,5,1
64374,4,0
86979,3,0
48943,1,1
66626,4,2
76141,2,2
8357,4,1
68813,0,2
93877,2,0
44652,0,2
67888,2,1
54643,0,1
20001,1,1
30634,1,2
58774,5,2
63552,1,2
72404,0,2
88772,2,2
35076,5,2
78707,1,2
72888,4,2
79584,0,0
73227,4,0
50538,1,0
21564,0,1
15251,2,1
30347,4,2
61320,3,0
85835,3,2
40406,1,1
64766,2,1
17339,5,2
96790,3,2
79134,5,2
43987,1,2
39098,1,2
59637,0,1
62335,5,1
86032,4,2
9798,0,1
17699,4,1
49198,4,1
57483,1,2
12481,5,1
81366,1,0
30673,0,0
43984,3,2
25195,2,2
83799,1,1
84013,1,2
17962,0,2
9357,4,2
1824,3,1
17884,1,1
52811,1,2
35018,5,2
68113,1,1
44232,4,0
28699,4,1
80199,4,1
77649,0,0
9371,5,0
70098,2,2
18104,5,1
7884,3,2
89987,2,2
6643,0,0
84173,1,0
94033,3,0
34556,0,1
39912,5,2
87212,4,2
98889,1,2
89820,4,2
31485,5,0
15187,0,2
34845,4,0
75883,4,1
93069,0,0
20103,3,1
64326,2,2
3218,3,2
13571,4,2
61511,2,0
91461,1,1
82899,0,2
91001,1,1
44780,3,2
12232,0,2
91284,2,1
38166,2,2
92799,5,2
74650,4,2
83968,3,2
23189,1,1
76918,2,1
42431,3,2
11427,4,1
16189,0,0
75817,5,1
11868,5,2
39479,1,2
53931,0,0
90785,0,1
58526,0,2
98883,0,1
8305,1,2
74143,1,1
83255,2,1
94452,0,1
53759,3,2
60839,2,0
35846,0,2
61428,4,1
55502,5,2
39689,3,2
20819,2,1
28650,0,2
24531,0,2
4770,1,2
98060,1,2
61070,5,1
25161,1,2
15436,4,2
56233,1,1
20325,2,0
6186,5,0
84556,3,0
44570,5,1
90075,3,2
52360,1,2
41015,5,0
20501,1,1
973,1,2
46001,5,0
74839,5,2
61412,4,2
12886,2,2
82260,2,0
85296,3,1
42743,0,1
93944,1,1
86813,4,2
34724,2,2
51147,1,1
95653,4,1
55133,1,2
82079,5,1
81656,5,1
56170,4,2
36673,5,1
28092,4,1
38575,3,1
56404,1,1
90208,4,1
60650,5,1
14988,0,1
80875,4,2
74414,5,2
96454,5,2
73101,1,2
65766,0,2
56271,0,2
12179,5,0
62440,5,2
52386,1,2
76993,0,0
95381,0,0
49521,2,2
15641,5,2
4690,1,0
32494,3,1
52417,0,1
44588,5,2
87665,5,2
68723,5,2
6677,3,2
8883,1,1
73124,1,2
33259,2,2
20435,3,2
21114,3,2
93666,5,0
63135,1,1
1019,2,1
27640,1,1
71600,0,2
71648,0,0
63623,2,1
71294,5,0
32988,5,2
50477,5,2
665,4,1
32152,0,2
82745,0,1
97311,3,1
60596,4,1
70222,0,2
73655,1,2
24787,0,1
36442,4,2
32525,2,0
64771,4,1
93805,5,2
35335,2,2
87,1,1
22889,5,1
24627,1,1
3268,2,2
39976,2,1
91173,5,2
41372,2,1
82752,2,2
25133,5,2
69112,3,2
16239,0,0
37818,4,2
66399,2,0
58799,1,2
33200,3,2
69511,5,2
43735,2,0
24447,0,1
18864,5,2
57799,2,1
50013,5,2
22085,5,2
1921,5,2
88472,1,1
34929,2,1
26347,3,2
59404,5,1
58215,0,2
37233,3,1
4542,2,2
63342,5,1
84324,0,1
20301,2,0
82174,5,1
29119,3,0
77605,4,1
17714,0,2
16971,1,2
40346,5,1
76062,4,0
29885,3,2
99835,4,1
86265,2,2
25333,3,1
49559,5,1
8132,5,1
44950,4,0
7693,0,1
95795,3,0
88657,1,0
50205,5,2
71922,2,2
7222,5,1
35406,4,0
67419,4,1
42995,3,2
25414,3,2
53356,1,2
70029,2,1
1253,3,0
10047,3,1
71498,3,2
48394,2,1
11505,2,1
66780,0,2
66932,0,2
61088,5,2
28259,5,0
69935,3,1
3551,5,1
34804,1,2
338,3,2
33705,2,2
15232,1,2
31658,3,1
59160,2,1
63432,3,2
89614,5,2
2988,3,0
94866,1,0
55654,3,2
13253,4,2
87014,1,0
33868,3,0
7572,2,2
11326,5,2
73392,2,1
29972,5,0
7111,4,1
68804,2,2
67255,2,2
69031,2,2
63486,5,1
31855,3,2
81055,1,1
67062,2,2
81312,1,1
70748,3,1
40456,1,2
61145,5,1
59340,1,1
51268,3,1
43501,0,1
88510,3,1
63770,4,1
2077,2,2
46759,2,1
25351,4,0
75011,0,2
28403,3,2
63853,4,0
50514,3,1
47938,4,1
61018,4,0
60081,3,1
71435,1,2
21253,2,2
24977,5,1
33292,3,2
27447,4,2
54717,4,0
14811,0,1
71672,1,2
12819,5,2
81886,5,2
70619,4,2
2869,5,2
90862,2,2
85611,2,2
94343,5,1
92102,5,2
64600,4,2
42820,1,1
62676,3,2
78713,3,2
25623,1,2
76487,3,1
2330,5,2
58911,0,1
18635,3,1
58927,1,2
98726,2,1
15678,5,2
91865,3,0
84746,0,1
49667,5,2
54919,3,2
4627,3,1
18521,1,2
9028,3,2
99974,5,2
46779,0,0
52463,4,1
66923,3,2
47785,0,2
32073,2,2
26789,1,1
8412,4,2
3753,3,2
40947,1,2
87170,4,2
82519,0,1
35593,0,1
18039,4,1
71926,1,1
36958,3,1
32889,1,1
69250,2,2
93832,0,0
50850,0,1
30547,3,2
12091,0,1
82082,0,2
70291,2,1
41441,3,0
22373,1,1
56216,4,2
50570,1,1
117,2,2
56576,0,2
11297,4,2
92962,1,2
20900,4,2
51011,5,1
87272,2,2
57881,5,1
43296,3,1
40078,2,2
20606,1,2
17044,2,1
27324,4,1
81468,2,2
50381,2,2
81267,3,1
45224,0,2
36156,3,2
62753,5,1
29067,2,1
38424,5,2
13724,3,1
21345,3,2
91727,1,1
97116,0,2
85337,3,2
82018,1,1
79494,4,1
93749,3,0
42373,0,2
34185,0,1
47008,4,0
91941,4,2
36513,3,2
58701,3,1
65940,5,2
4115,4,0
92675,5,2
93544,2,1
47305,1,1
67430,4,1
46981,3,0
74183,5,1
92211,0,2
17973,4,1
88168,4,2
13332,5,1
43395,5,0
94935,0,2
82081,2,1
39720,5,2
31027,1,0
46485,3,2
44491,4,0
88417,4,2
10033,5,0
19993,1,1
66003,0,2
95287,4,2
45263,1,1
12871,4,2
30875,2,2
22364,3,2
82693,3,2
9130,3,2
85598,1,1
24347,2,1
72787,3,2
17614,2,2
45035,1,1
28606,4,1
69773,5,2
56532,4,0
23369,0,2
50193,4,1
32203,0,2
92744,0,0
83411,4,2
18053,2,0
58125,0,2
58314,1,2
24305,4,2
36891,0,1
34226,2,2
2342,5,1
9743,5,1
60119,1,2
4912,2,2
42386,1,2
88573,3,0
89005,5,1
72415,5,2
3057,1,2
63711,3,2
62205,0,1
53796,0,1
24439,0,1
39431,4,2
14331,1,1
83415,4,2
24545,2,2
29285,4,2
79998,4,2
72660,1,2
99933,5,1
14065,0,1
35122,1,2
99501,3,2
60322,0,2
68728,4,2
73106,5,1
48976,3,2
22146,0,0
85059,3,0
57549,0,1
299,5,2
60759,0,0
25526,2,2
26664,3,1
49910,0,2
71022,2,2
43459,1,2
67790,1,1
51633,2,1
77157,4,1
56337,0,0
88124,1,2
94696,5,1
9377,2,2
64387,2,2
28246,1,2
1846,1,1
95062,2,2
7072,3,2
46194,5,1
14448,2,2
52046,3,2
60159,4,2
68128,3,1
1720,3,1
48114,0,2
81132,0,2
82556,1,2
89319,3,2
35162,3,1
16474,5,2
31529,5,2
18287,0,2
54870,3,2
36088,1,2
19632,5,1
65832,4,1
62372,3,1
88608,1,1
25677,5,1
66373,2,0
72780,3,2
39503,4,2
67160,0,1
31496,2,1
70910,5,2
45731,2,1
13109,4,0
47065,3,2
13144,5,2
54816,0,2
45422,5,1
26788,2,1
50939,5,2
85773,1,2
26716,5,0
14537,3,1
10388,3,0
6953,1,2
15523,0,2
89271,0,2
71708,2,1
7817,4,1
8097,5,2
35392,4,2
6315,5,0
44388,0,2
16589,4,2
6414,2,2
34606,3,0
89715,3,2
37478,4,0
32503,4,2
1476,5,0
30059,4,2
24969,0,2
61205,2,2
8461,2,2
86727,0,2
31830,0,2
81143,1,2
21132,3,1
18574,5,2
11195,3,1
19415,3,2
69879,5,2
93565,4,0
18621,0,0
43700,2,0
33090,4,1
41333,3,1
20764,2,2
8190,5,2
85287,0,0
22535,3,2
82085,1,2
59680,5,0
64386,4,2
89236,5,1
78139,3,2
65292,3,0
87635,0,2
37946,1,1
82575,4,1
15009,0,1
48096,3,1
4,3,2
10800,2,2
37868,5,2
72712,5,2
71732,3,2
83241,0,0
48253,5,1
28473,3,2
15687,0,2
32588,4,1
32697,0,1
77798,2,2
8373,0,0
88448,5,1
10419,1,2
81837,2,1
48487,0,2
58877,1,1
66174,5,1
78358,3,2
88328,5,2
53376,3,0
285,0,2
74928,3,1
6306,2,2
95457,3,1
74456,3,2
37636,0,2
9553,3,2
73671,1,2
98332,3,2
97847,0,2
94549,5,1
36853,4,2
26435,2,1
3618,1,1
82763,5,0
14541,3,2
92702,0,0
54679,2,1
35291,5,2
55329,0,0
17053,2,1
34165,4,0
18838,4,2
99718,3,1
57902,5,2
94083,1,2
7346,2,1
53587,2,2
56696,1,1
79303,5,1
32735,5,0
35621,1,2
31587,4,2
33905,3,2
55374,2,2
23885,5,2
24468,0,2
800,3,1
10335,5,2
24301,0,2
72530,2,1
89740,2,2
5426,3,2
50679,3,1
63427,1,1
10873,0,1
62369,5,2
20743,4,1
99375,2,1
39315,2,1
53723,1,2
7766,0,2
58806,2,2
5543,2,2
86189,1,1
9631,0,0
43910,1,2
84183,1,2
73639,2,0
74239,3,2
2845,5,2
83011,1,1
72045,5,0
81677,5,0
47661,4,0
50831,3,0
31538,0,0
38349,0,1
85784,2,2
51256,0,1
60389,2,0
5713,2,1
82875,2,2
4335,2,2
74346,0,2
91286,5,2
28685,3,1
49928,2,2
29669,4,2
35967,3,2
31867,3,2
21846,3,2
67112,4,1
42448,4,2
41004,5,2
86325,5,0
29162,4,2
4719,4,2
60629,2,2
29944,3,2
70149,3,1
66715,5,2
26263,4,2
45606,0,2
45157,5,1
21678,3,1
58520,4,2
66110,3,1
99722,4,2
26539,3,2
38590,2,1
60831,4,1
57003,5,2
91794,0,1
90040,5,1
86245,3,0
9829,0,2
14055,4,1
23607,0,2
89870,5,2
67551,1,2
5081,2,2
68220,5,2
32844,3,1
12008,2,2
68998,5,2
66193,2,2
41154,5,0
93109,4,1
21386,2,1
44387,5,2
55722,1,1
15807,3,1
81713,4,1
37953,1,2
96851,3,0
38672,2,2
65791,4,2
65096,3,1
58712,4,0
17538,5,2
72549,3,1
88204,5,1
64442,0,2
21101,0,1
66688,1,1
3615,1,0
54819,0,0
91890,1,1
91006,4,0
7220,2,2
31627,2,2
89611,4,1
53583,2,0
99317,1,2
14755,4,2
43392,4,2
28811,5,1
45708,4,2
91004,3,0
55479,5,2
65228,2,2
96833,5,2
66935,4,0
36896,5,1
24828,0,0
48112,3,1
66877,3,0
55547,0,0
90685,0,2
32222,3,2
84576,0,1
77338,0,1
11281,1,2
66461,1,1
21506,1,0
92516,0,1
92031,4,2
57993,5,1
87111,1,2
74698,0,1
7731,4,1
82098,3,1
41433,0,0
74417,3,2
23113,1,0
75838,5,2
97994,0,2
14468,2,2
8262,1,2
89432,3,2
21830,2,2
96731,2,1
36898,2,2
54502,3,0
77474,4,0
35411,5,2
5000,5,1
48221,0,2
65722,3,1
36700,5,2
56842,5,2
92313,0,0
48808,4,1
33156,0,1
82986,2,2
38915,1,2
27077,2,2
4834,1,2
46936,4,1
81012,0,0
8652,1,0
76158,5,0
30729,4,2
46288,3,2
6949,1,1
85105,5,2
72956,0,1
37833,0,2
27375,4,1
87685,5,1
75641,5,0
11012,0,2
53442,0,1
8115,5,2
23927,0,2
45479,0,2
64390,2,1
94749,5,1
77902,0,2
57910,2,1
5995,3,2
92551,2,1
19009,3,0
65121,3,2
28529,1,2
97961,2,1
13469,1,2
94580,3,0
99806,4,1
70787,0,1
12236,2,2
33512,0,1
11287,4,2
71965,4,1
20354,0,2
56130,1,1
60601,5,0
89816,2,0
1813,4,2
51747,4,1
28517,3,1
62241,4,0
78303,0,1
87818,3,2
86000,5,1
95496,4,2
76790,0,2
22224,4,2
27672,2,1
48405,3,2
85468,2,2
33804,4,1
14368,1,2
38617,1,1
12992,3,2
93005,1,0
27988,2,1
81907,2,0
75818,4,2
80041,4,1
14540,4,2
3107,4,1
94258,0,1
16051,4,1
83855,1,0
93991,2,2
98469,1,2
59458,0,2
77518,5,1
62159,2,0
46269,1,0
19462,4,2
10870,1,1
10535,1,1
36638,3,2
54841,2,2
62219,5,0
93291,5,2
77242,5,2
31823,1,2
73565,1,2
32116,3,2
816,1,1
91797,2,2
96750,1,1
32810,1,2
12821,1,2
26423,2,1
79006,4,2
52901,1,0
43093,0,2
2551,4,2
97956,5,2
23628,0,1
8172,2,2
90701,4,2
46746,5,1
27858,1,2
82351,4,2
5758,4,1
53795,1,1
9354,4,1
18634,2,2
22450,4,1
37247,0,1
28444,5,0
27607,0,2
50101,2,0
47616,3,2
92918,0,1
49463,1,1
30737,2,2
78554,0,2
56395,0,1
73156,0,1
58720,1,1
35060,2,1
32845,1,1
99455,4,2
35143,4,2
57607,2,1
69677,0,1
72249,2,1
79391,5,1
99576,2,1
23916,0,1
39626,5,2
77135,4,2
501,1,1
46011,2,2
49856,2,1
57122,4,1
5034,3,1
39578,5,2
9252,0,2
75165,2,2
23142,2,1
94602,2,2
99904,4,2
49264,0,1
31098,3,1
64860,0,1
85950,1,1
77124,1,2
18182,0,2
56869,5,2
21574,2,2
72541,0,2
88719,4,1
31434,3,0
51053,4,2
90370,5,0
27723,1,1
80790,4,2
57841,1,2
60441,4,0
13423,2,0
95961,3,1
50070,5,1
98337,5,1
75691,0,1
1629,2,2
54903,0,2
15985,3,2
17124,2,1
67662,1,2
39839,5,2
99917,3,2
48483,0,2
84551,5,2
83539,4,1
53392,4,2
6848,5,2
65436,1,2
35634,3,0
41656,2,0
57156,2,1
97808,0,1
23377,2,0
12998,4,0
2674,3,1
24965,3,2
29240,1,2
11960,0,2
70944,3,2
48785,2,1
10283,0,0
85268,1,1
5968,1,2
95191,1,0
9579,0,0
9157,3,2
83205,1,1
71787,3,0
98323,4,2
51398,0,1
68890,4,1
34875,1,0
81250,4,2
32768,3,2
58083,3,2
24711,3,2
71479,3,2
25859,1,2
5031,2,2
11310,4,1
36261,4,2
87753,2,0
63288,3,2
29072,5,2
44178,4,2
73023,2,2
4362,0,1
52950,4,2
64461,4,1
91647,4,2
70310,5,1
77622,0,0
10992,2,0
73198,0,2
92428,3,2
51323,4,0
61861,1,1
33103,4,1
53519,5,0
89429,1,0
58811,0,2
13897,3,0
95228,2,1
77257,1,1
64050,3,2
93950,5,0
98204,2,1
61149,0,1
24035,2,2
79854,5,2
6029,2,1
24486,4,1
12964,1,2
72939,0,1
98751,3,0
38812,2,2
50732,0,2
66038,2,1
69160,5,1
24585,3,2
7599,0,0
9508,5,0
1189,2,1
41124,5,2
78244,1,2
96724,1,1
51177,4,1
15067,5,1
72743,1,0
73005,5,0
17923,0,0
6736,2,1
755,0,1
65975,5,1
49343,1,1
91242,3,1
6620,4,1
74159,3,0
27395,3,2
86316,5,1
92248,2,2
57741,1,2
59151,5,2
76283,4,2
50531,4,1
85920,3,1
15878,1,0
84385,2,2
72503,1,0
12216,4,2
21089,3,2
4592,1,0
48595,3,2
20349,5,1
59038,5,2
47324,1,0
63330,3,2
7457,1,2
66775,3,2
17168,1,2
47473,5,1
13983,3,0
3160,3,1
12466,4,1
35405,5,1
62169,5,0
43846,1,1
9886,2,1
86618,1,2
29441,0,2
87550,2,2
37463,4,2
92964,4,0
30210,4,1
94454,3,1
37432,4,2
71731,2,2
87621,1,2
47075,3,1
11928,4,1
11361,4,2
68132,4,1
90732,5,1
48110,4,1
49904,0,2
38594,5,2
36490,4,2
43232,2,2
25455,1,0
27719,0,2
13188,5,1
28645,0,2
93325,2,0
95045,2,1
3504,0,2
86400,1,0
98543,5,2
68990,3,1
66485,1,0
44356,4,1
96492,5,1
56846,3,2
63348,1,1
92310,2,2
66183,2,1
37643,0,2
12122,5,1
6170,2,2
58443,1,1
62563,0,1
59067,1,2
33940,3,2
74292,0,0
37828,2,1
59,1,1
31452,5,1
24756,5,1
50310,0,2
91287,4,1
18152,3,0
5904,0,2
11374,4,2
17333,4,2
47073,4,1
22379,1,2
18088,3,1
64126,3,2
51622,5,1
68337,1,1
2363,5,1
39360,0,2
47052,3,2
98580,5,1
5993,2,0
20119,2,2
62981,3,0
487,2,0
78456,0,0
5876,5,0
8491,0,1
12200,0,1
86280,5,0
33168,3,1
77227,3,0
84558,2,2
91605,1,2
12743,0,2
24609,3,2
74234,3,2
45025,1,1
95763,2,2
59107,3,2
79009,2,1
94091,4,1
25731,1,2
51979,5,0
61591,0,1
57497,2,2
23128,3,2
64597,0,2
62354,3,0
35862,5,2
15609,4,2
36676,3,1
4628,1,1
39363,5,2
74781,2,1
63131,0,2
8105,4,1
60508,4,2
11068,3,2
97901,1,2
40063,4,0
78691,0,1
6574,1,2
76621,0,1
39442,2,0
12548,1,1
1435,4,2
93768,5,2
80558,4,0
77346,4,1
83092,0,1
23636,3,1
82483,1,1
16922,5,1
80840,3,2
13737,5,2
78250,1,2
67758,0,2
38890,4,1
1565,5,1
72557,4,2
75897,3,0
44556,1,1
43969,5,1
43269,2,2
74794,0,1
26249,0,2
14487,3,1
42592,5,2
29354,5,1
49232,4,2
785,1,1
96414,2,0
27297,4,2
70373,0,2
41962,2,1
57917,2,1
1706,4,1
82456,5,0
52301,2,1
70514,1,2
16220,0,1
98650,2,0
37655,5,1
81059,3,2
77773,2,2
62899,5,1
23358,3,1
49505,5,2
80515,1,2
19614,4,2
27528,2,2
53087,2,2
59883,3,2
88697,4,2
80496,0,1
69342,1,1
2287,3,1
75339,0,1
29207,3,0
92674,0,1
22816,0,1
2463,0,2
23404,2,1
23108,2,0
78609,1,1
74780,3,2
21269,5,0
91137,2,0
6196,2,2
69664,4,2
41033,1,0
42750,3,2
10522,4,0
45444,1,1
29051,2,1
93597,5,2
73976,4,1
32178,5,2
11800,3,1
23082,3,0
40899,2,1
56441,3,0
20937,3,1
70991,5,0
9009,5,2
60597,0,2
82705,5,2
9606,4,1
44455,1,1
44107,3,2
2556,4,1
45813,0,1
56177,3,1
87208,5,1
81480,4,1
21139,4,1
8538,4,2
35763,0,2
90167,4,2
82310,3,2
70300,3,2
13222,5,1
78903,2,2
33959,0,0
39102,5,2
71792,2,1
76319,2,2
6542,0,2
12820,4,2
75835,5,1
11073,0,2
34261,0,0
41484,0,2
65734,2,2
46889,2,2
82978,3,1
76708,4,1
90334,2,2
27035,4,1
29200,1,2
36845,3,2
20365,4,1
34250,4,2
77855,4,0
26775,1,2
51605,1,1
41366,2,1
46355,2,1
14192,4,2
97119,3,0
3024,5,0
13388,0,1
623,2,2
22041,3,2
36474,2,1
70714,2,0
95098,5,2
74526,5,2
25880,0,2
64529,5,0
63090,2,1
20660,0,2
74041,3,2
34316,4,1
99134,1,2
36073,2,1
7789,1,2
25571,4,2
21170,5,2
55007,4,0
36144,2,1
53531,1,0
1702,0,0
74801,3,2
34714,0,2
57374,5,0
77674,1,2
84584,4,1
19247,0,2
19897,4,1
4017,3,1
47369,3,1
11876,0,1
920,3,2
30120,4,1
77634,1,2
77331,3,2
72282,4,0
20822,1,2
20563,5,2
89636,0,0
2107,2,2
39382,2,2
8820,4,1
13247,1,2
26324,3,1
87494,0,0
13627,0,0
1747,3,0
41873,2,1
22142,3,0
96824,2,1
29343,0,1
61236,1,2
41127,0,2
16417,3,1
43935,5,0
4451,0,2
35268,4,2
5223,5,1
4481,5,0
99561,4,2
30667,5,0
12469,4,2
19806,4,1
8192,1,0
87317,0,1
30338,3,2
57594,3,2
3916,1,1
83906,1,2
5990,0,2
22314,3,2
88239,0,0
35570,3,2
77780,1,2
74349,0,1
78705,3,1
37192,2,1
9,1,2
76174,0,1
88937,2,0
88070,0,0
24333,0,2
93496,2,2
94235,5,1
79466,5,1
64708,4,2
59112,4,2
68678,0,1
37389,1,0
93430,1,0
49723,5,0
43064,2,2
97772,1,0
75859,4,1
84788,4,0
87423,5,2
5076,4,1
73810,2,1
15944,1,2
36349,1,2
37495,0,2
34045,3,2
63736,0,2
69128,0,2
96079,1,1
90968,3,2
4573,3,1
83835,3,1
14357,1,1
39222,3,2
86790,5,2
87733,4,1
90700,5,1
56317,5,2
29638,2,0
20099,1,0
33248,3,0
84374,4,1
4935,4,1
94782,3,2
44512,3,1
11192,0,2
34570,4,2
75771,0,1
25660,0,2
59136,1,2
94218,4,0
43868,1,2
95904,3,1
46307,4,2
92726,0,2
54204,0,2
79502,5,1
17954,5,2
52143,3,2
16510,0,1
97179,3,1
43922,1,2
11452,2,2
58882,3,2
43493,1,2
96691,5,0
60435,4,1
90283,4,1
99652,1,2
3942,0,2
17784,3,1
29655,5,1
27791,5,2
58955,5,2
82251,0,1
77624,5,1
86036,0,0
7108,5,2
51279,0,0
27286,5,0
63437,1,1
8815,1,2
77352,4,1
815,0,2
61309,1,0
9187,4,2
15004,0,2
40723,3,2
32346,2,2
17865,0,2
75947,5,1
27190,0,2
20529,4,1
48609,1,2
25163,4,2
23261,3,2
83405,5,2
87695,3,2
52572,5,2
90526,1,0
69198,2,1
39489,3,2
76646,4,0
29276,4,0
46546,5,1
57760,3,0
18454,0,2
21960,3,2
77126,4,2
15312,3,2
87569,4,0
60788,0,1
1085,4,1
94913,5,0
62884,2,2
58858,4,1
53729,5,2
75940,0,2
95546,0,2
37788,1,2
58016,4,1
85859,4,2
69905,5,1
16324,3,2
42167,0,1
97933,0,1
56198,1,2
631,1,1
81338,3,0
17638,2,1
49419,0,2
55307,5,1
28300,1,2
40655,5,1
99751,2,1
51039,2,2
56958,2,1
46146,0,2
64396,4,1
70092,1,0
47143,3,2
73848,3,2
96821,1,2
87501,4,2
35606,0,2
85243,3,2
85062,4,2
45378,2,1
74265,1,2
25328,2,2
9164,5,1
54681,3,2
63050,5,1
82678,5,1
43872,3,1
94007,4,2
60140,3,1
2824,0,2
24336,4,2
74102,0,0
89487,1,2
39181,4,0
13822,4,1
96781,5,2
33926,3,1
62405,5,2
63960,3,2
87879,2,2
489,2,2
46989,1,0
46590,3,2
92853,0,2
58127,4,2
75524,4,2
69629,0,2
92498,5,0
74442,5,2
34282,0,1
97730,0,1
99707,3,1
92329,5,1
69646,3,1
83117,1,1
68737,2,2
1057,0,0
31668,5,2
72054,0,2
91489,2,1
84158,2,1
79352,5,0
99128,0,1
87079,3,2
53584,5,2
54798,1,0
54012,1,0
66079,2,1
95695,4,1
92773,2,0
1097,2,1
37100,1,2
9819,1,0
16300,0,2
45598,3,1
63639,5,1
73325,1,2
21863,1,2
58458,4,2
42333,5,2
82150,0,2
65993,2,1
63797,2,1
77500,5,0
44186,2,2
85958,0,1
25433,2,2
15941,3,1
7157,5,1
71920,3,1
62375,4,1
20463,3,2
45184,0,2
43655,4,2
79316,1,0
70660,2,2
99203,4,2
75616,4,1
73501,1,2
25629,2,1
2891,2,1
40196,0,1
34921,1,0
73893,1,1
93590,1,2
67998,3,1
55519,2,0
23851,4,2
72103,0,2
49180,1,0
21225,0,1
95426,4,2
73538,4,1
44913,0,2
45946,2,1
70900,0,2
35514,1,1
51133,3,1
78661,4,2
91904,1,2
55850,3,2
84266,2,1
18874,3,1
30886,5,2
21319,4,2
80205,3,2
23593,2,1
31090,1,2
14828,3,1
60117,1,0
53370,4,0
83450,3,2
23744,4,1
67143,4,1
72734,1,2
7252,3,2
11076,5,2
42306,4,0
22017,5,2
92471,1,2
10251,3,2
6665,0,2
41404,1,1
83936,1,0
82482,5,1
94,4,2
54314,1,0
91966,5,0
40185,4,1
77300,4,0
99540,0,2
62712,3,2
70235,1,2
39129,4,2
99239,4,0
41224,4,1
20703,4,1
33176,5,1
8604,3,1
97183,2,2
58662,3,2
52632,2,1
60146,4,1
47383,2,2
77230,2,2
21391,3,2
85631,3,2
17239,4,2
62571,0,2
19651,1,1
23443,5,0
57865,1,2
84854,4,2
81798,5,2
77286,1,2
72864,4,1
89281,4,1
28706,3,1
98059,0,1
4725,1,2
4126,1,0
5373,4,1
33689,0,2
6302,4,2
25670,2,2
90271,2,0
68626,2,2
8517,3,2
76745,0,0
19199,5,0
90913,5,2
5397,5,1
81188,0,1
68631,3,2
43924,1,0
31135,4,2
97203,2,1
83495,5,1
81380,0,2
60827,5,0
35978,3,2
13232,0,2
45199,3,1
18213,4,1
2312,5,2
20458,1,2
11095,4,2
17548,2,2
68879,0,1
86983,3,1
45733,2,2
8118,2,0
56613,3,2
38468,2,2
18913,1,2
78957,5,2
59357,1,2
16334,2,1
64584,0,2
2339,2,0
90649,0,1
16213,1,0
43096,2,2
24532,1,2
81275,2,2
57298,0,2
68822,2,2
88555,3,2
23781,2,2
68941,2,2
11517,0,2
33153,4,2
1214,3,2
35246,1,2
66499,1,2
28759,4,2
97262,0,1
6052,4,2
78637,0,0
34467,1,0
16949,4,2
43417,1,2
26241,1,0
76557,3,1
95008,3,2
24084,1,2
85026,1,1
96113,3,2
53663,4,2
17412,0,2
24403,5,2
74788,4,2
6690,0,2
30400,2,2
26965,3,0
26859,0,0
69021,0,2
22914,0,2
46715,4,2
62903,5,0
51372,0,2
11617,3,2
74083,5,0
93960,4,2
9363,1,1
26697,2,1
41927,2,2
18112,1,2
3103,2,2
42260,1,2
4999,2,1
8443,2,1
11931,1,2
14426,4,1
25481,2,1
94271,5,0
73417,0,1
60475,0,2
56823,2,2
46124,5,1
44258,1,0
45204,2,1
69068,2,2
1718,0,2
22764,4,0
42224,3,2
77343,4,1
66109,5,2
56264,2,0
30851,3,0
61382,5,1
50173,4,2
70710,3,1
21544,5,2
32815,1,2
7236,3,1
14736,1,1
78913,5,0
45318,4,0
94512,5,1
87611,3,2
58085,4,0
92375,1,2
66349,5,1
60396,3,2
52906,1,2
32350,1,0
42960,5,2
15927,0,2
48302,2,2
96061,2,0
45150,3,1
95550,0,1
58303,5,1
12849,2,1
87242,4,2
3091,2,2
82017,4,0
33355,2,1
14611,1,1
7481,5,2
68289,5,2
83300,1,1
88296,0,1
16594,1,1
91438,4,2
57487,5,1
16578,0,1
73915,2,2
58945,2,2
89875,1,0
96697,5,1
4328,4,2
96180,0,0
40508,0,1
40142,3,0
808,4,0
26607,3,0
61983,3,2
75651,3,2
95500,5,2
93644,1,2
30871,3,2
59949,2,1
18002,5,2
81076,3,2
54808,5,2
42538,4,1
18475,2,2
79359,4,2
85466,0,2
46828,2,0
27143,2,1
47770,2,2
30107,3,1
89117,4,2
97305,0,2
13534,4,2
77806,3,0
22638,1,2
77099,2,1
76364,0,0
59578,3,2
39473,1,0
86437,5,0
44865,4,1
65659,5,1
56831,3,1
44719,3,2
70613,2,1
79976,0,2
92979,2,2
77627,2,2
24360,3,2
60110,5,1
72737,5,1
68191,5,1
82259,5,0
24389,3,2
6741,0,1
21086,3,2
8040,4,0
23394,3,2
61528,5,1
18017,5,1
33143,2,2
77441,0,2
76664,3,2
97584,1,0
8070,5,0
32553,2,1
66514,4,1
81611,0,2
68068,4,2
57540,2,1
95328,1,2
29432,1,1
24667,4,1
86873,1,2
91988,5,1
99345,1,2
26120,4,1
93135,3,0
29018,1,2
87387,2,2
89363,5,0
55960,1,1
7117,3,2
90741,0,2
4773,1,1
89965,1,2
83989,0,2
79945,2,1
48846,0,0
39068,5,2
50228,3,2
91523,4,2
31469,4,2
73447,3,2
86282,3,2
35417,4,2
83382,1,1
35352,4,2
64782,0,2
78626,1,0
14111,4,1
30088,1,1
54602,1,1
21588,3,2
69707,0,0
69180,4,0
80868,1,1
97093,4,1
40425,4,2
10176,5,1
11539,3,2
72248,2,0
71898,4,2
26763,2,2
12482,3,1
12123,0,2
83433,0,2
78288,2,2
84985,0,2
77446,1,2
94226,0,2
13966,0,2
65775,5,0
37755,3,2
56756,0,1
94290,5,2
84896,3,1
73271,4,1
32851,4,2
6881,4,1
56000,0,1
76281,1,1
77927,2,1
9680,4,2
34890,1,1
57338,3,2
37074,4,2
74377,5,2
14677,4,2
14501,1,1
42883,0,2
87639,2,2
29000,5,2
92178,4,2
8367,3,2
79661,5,2
50885,4,2
64953,4,2
79241,2,2
34073,4,2
43366,2,2
56165,0,2
21352,1,2
25802,0,2
94638,0,0
5021,2,2
41947,1,2
21581,1,1
3338,0,1
22020,4,1
50407,2,1
68037,1,2
86230,0,2
47663,1,2
58991,1,1
53192,5,1
79292,0,1
36953,2,0
90949,0,0
82457,0,2
20410,3,2
72308,4,1
75845,5,1
21186,2,2
52562,1,2
83199,3,2
24489,4,2
97428,4,2
26516,2,0
15181,4,2
20040,4,1
90259,0,2
10010,1,2
12802,0,1
3804,4,2
55756,5,1
64865,0,1
46491,5,2
43017,1,1
82742,5,2
28175,3,0
64306,2,2
91114,2,2
9258,0,2
31157,2,2
13504,2,2
90781,4,2
82475,2,1
86112,1,0
88401,3,2
78428,3,2
92712,0,2
55890,1,2
37724,2,2
50210,0,0
61673,3,1
10599,3,2
61637,4,1
20556,4,2
76582,0,2
33678,5,1
27887,0,2
26086,5,1
29664,3,1
42899,2,2
8944,2,1
68082,3,2
52140,4,2
49366,0,1
2435,0,2
40386,5,2
13903,2,1
58999,5,1
4649,0,2
93723,0,2
46731,4,2
14185,3,2
89420,1,1
97675,5,0
77004,5,1
72683,3,2
88543,1,2
55412,3,1
37308,3,2
57773,1,2
86885,0,1
64556,4,2
89934,0,2
45623,0,2
39067,0,2
32647,2,0
29218,4,1
62099,3,0
31436,4,0
24852,4,1
11779,2,1
43072,5,2
55344,2,1
3483,1,2
80467,1,2
72168,0,1
32945,4,1
26226,2,2
99544,5,0
70850,1,2
72889,3,2
55094,5,2
6769,3,2
6443,2,1
66044,5,2
94630,1,0
22132,4,2
4606,2,0
48575,0,2
28176,5,0
31017,4,2
21205,3,2
76296,0,2
16980,2,2
6566,0,2
86926,4,1
11404,4,0
70064,4,1
41008,4,2
88471,2,1
23317,1,1
1370,2,2
24314,2,0
11391,0,0
47332,2,2
1080,4,0
62232,5,0
83330,3,2
62902,2,2
34495,0,1
55727,0,2
88492,2,2
69546,4,1
67680,1,2
82868,4,2
8880,2,0
65796,4,1
61125,5,2
70786,0,1
78522,4,2
543,5,2
5745,2,1
59974,2,2
57094,1,2
29328,0,2
62274,1,0
11762,2,2
86010,2,1
21489,0,2
75465,4,1
72342,2,1
98828,4,0
42832,5,2
97795,4,2
77559,1,2
68146,5,1
35187,1,2
53187,1,1
58540,1,2
38634,1,1
40234,1,2
70929,1,1
86214,2,2
91764,4,2
51904,4,0
50669,3,2
31491,5,2
39878,1,0
15628,0,2
16800,1,2
22272,3,2
46329,4,1
4326,5,2
36879,4,1
79475,3,2
71541,0,2
71229,0,1
39996,1,2
92140,1,0
21135,2,2
78817,4,1
1075,0,1
63670,4,2
97073,2,2
72499,2,1
42974,0,2
91910,3,1
89970,5,2
97628,5,1
48979,2,1
63790,4,2
81825,5,2
32212,0,0
85350,3,2
62302,2,0
29955,2,2
59220,4,2
60932,4,2
80805,5,1
2240,5,1
34646,1,2
95873,0,1
94958,3,2
67863,2,1
84860,3,0
28128,1,1
33016,0,0
99193,2,2
58364,2,2
42068,5,0
92339,0,0
7562,5,1
73967,2,2
71831,0,0
99385,4,2
59411,4,2
81261,4,2
8246,1,1
97265,5,2
33221,4,1
84566,2,1
60655,3,1
4952,1,1
17107,0,1
13033,3,2
55831,4,1
18007,2,2
30172,3,2
96029,5,2
55658,3,1
29091,0,2
90074,3,2
16332,3,1
68109,1,1
23892,0,2
38143,2,2
55039,5,1
24799,5,1
30697,0,2
10379,4,1
14263,1,2
18041,3,2
49605,2,1
58261,1,0
40762,0,0
7455,5,1
99871,1,2
51470,1,0
22347,3,1
19363,3,2
86793,1,0
5620,2,1
46099,3,1
89872,0,2
9456,0,2
73588,2,2
72562,0,2
1680,3,1
21291,5,2
98043,4,2
37166,0,0
55347,1,1
4915,0,2
16558,5,2
22581,4,2
96028,5,2
7170,1,0
58289,3,2
22021,2,1
68487,4,2
66941,3,1
47398,1,0
48021,3,1
91743,5,2
85377,5,1
62109,3,2
22295,2,0
88002,2,2
14706,4,2
40052,0,1
56961,4,0
99474,3,2
76006,2,0
82675,3,2
76977,5,2
15061,3,2
99767,1,2
78565,1,2
94527,1,2
5637,3,1
87057,4,1
82330,5,1
84440,4,2
48589,0,2
58950,3,1
49044,5,0
24983,4,1
51757,2,2
67287,1,2
24423,3,2
10538,3,2
96443,0,2
6316,5,2
16231,4,2
76437,3,0
49256,1,1
2094,0,1
47027,5,2
62271,1,2
92779,1,2
6768,3,0
6994,1,1
1865,5,2
71797,5,1
13995,4,1
67806,5,2
28169,0,1
35810,5,2
13159,0,2
72479,5,2
7587,5,1
85798,4,2
97069,1,2
78927,0,0
16145,4,2
72875,4,1
49423,0,1
45431,1,2
29234,2,0
71402,3,2
38248,2,1
89710,2,2
43553,4,0
34509,2,2
5173,0,2
8133,2,0
85005,4,2
41917,0,1
59245,4,1
30753,0,1
74524,4,2
69258,4,0
46577,5,2
31406,5,1
68309,0,0
80647,1,2
74908,4,1
24767,1,1
75495,5,2
15565,3,0
76139,5,1
42046,2,2
38220,5,1
73943,1,0
74548,2,1
93434,5,1
19387,3,0
81146,4,1
92809,3,0
89198,2,1
63180,0,1
63598,1,2
95317,2,0
218,1,1
23153,5,2
89961,1,2
90237,2,2
9098,3,2
88864,4,2
50402,0,2
55266,4,2
29861,0,1
73570,3,1
49216,0,1
16551,3,2
10712,5,2
50226,0,1
90984,2,0
82691,0,2
8939,3,2
22074,3,2
71028,3,2
53878,0,2
77033,4,1
51587,4,1
73029,1,2
5727,5,2
42679,0,1
7474,3,2
39450,2,2
95121,1,0
232,1,1
98864,5,2
29212,2,0
71084,5,1
36063,2,2
9342,5,1
67664,3,2
69352,1,1
76880,2,1
99016,2,2
48102,0,2
13730,1,2
31734,3,2
27397,2,1
4509,4,0
33591,2,2
41111,1,2
17453,2,1
15467,2,2
36986,0,2
22225,4,2
44331,3,2
15006,1,0
4405,0,2
9485,4,1
2761,1,2
11014,5,2
25748,0,2
34924,2,1
40049,2,1
94237,0,1
7688,5,2
69395,4,0
48333,4,1
7194,5,2
52490,2,2
11218,3,1
72804,4,1
10903,3,2
48550,0,2
24039,3,1
87474,3,2
74923,4,1
84363,1,2
55418,2,0
78015,2,2
27922,2,0
351,5,2
59388,4,2
8841,1,2
99740,5,2
8422,0,2
52771,0,0
48141,5,0
92885,1,1
15507,0,0
55153,1,1
47512,0,2
38504,3,1
68572,2,1
4768,0,0
1948,2,1
59926,5,0
94158,5,0
57482,1,2
38436,2,2
33280,3,1
49822,1,1
82033,0,2
42612,4,2
75812,4,0
76430,3,2
67797,0,2
77684,1,2
53639,5,1
41662,5,2
39021,5,0
83299,2,2
15842,1,1
25421,0,2
97103,1,2
26719,0,2
8084,3,2
460,0,0
79017,2,1
37672,0,2
15991,4,2
46140,5,1
22110,3,1
41890,0,2
62327,4,1
70985,3,1
92273,3,0
9309,2,2
59223,4,1
61701,1,0
69341,0,1
75125,1,2
52806,0,1
52974,0,1
26198,0,1
8813,4,1
67642,5,1
10075,0,1
9607,4,0
24280,3,1
62796,0,2
27634,3,2
29684,1,1
14079,4,1
68263,2,1
41672,1,0
36545,5,2
30932,3,2
78644,3,2
29436,3,2
15526,4,1
38523,0,0
74606,4,1
59605,1,0
38728,3,2
82956,0,1
55524,3,0
39671,2,0
64911,4,2
70213,0,1
12026,3,1
40714,1,1
36136,3,2
37713,2,2
30931,0,1
79948,3,2
34838,1,1
13806,5,1
16927,1,2
67661,0,2
23118,2,2
53156,5,2
1054,0,1
36037,1,2
90640,5,1
49340,0,0
83497,2,1
73606,1,2
65820,5,1
31945,3,2
95453,0,0
46771,5,2
70345,1,0
29725,2,0
24782,1,2
47976,5,2
24163,1,2
95096,2,1
6573,1,1
73451,0,0
70507,1,1
57223,1,1
12526,2,2
26583,5,0
26483,1,0
26799,1,2
9402,5,0
2568,1,2
78427,2,2
14403,3,2
28717,0,2
83838,1,2
83702,1,1
30887,2,2
12040,1,0
67725,4,2
16893,3,0
82445,2,0
53056,5,2
64883,5,2
65398,5,2
91500,2,1
75194,4,1
56110,4,0
89338,3,1
92772,2,1
72796,3,2
71432,2,2
75644,0,0
62096,2,2
77682,0,1
52272,2,1
12242,0,0
9885,2,2
1938,4,2
71242,1,1
4578,1,2
9930,1,2
23123,2,2
98675,5,2
89534,3,1
1466,0,0
97454,0,2
27661,5,2
2525,4,1
12326,4,0
78389,2,2
28695,3,2
99220,0,1
15413,0,2
92156,0,1
69982,2,1
41852,5,2
34604,5,2
57051,0,2
50444,2,2
52387,5,1
89130,0,1
47623,0,1
1740,4,0
40865,2,0
22061,2,0
88454,5,1
15646,0,1
6216,4,2
25412,4,1
96031,2,1
44725,0,2
90387,1,1
95786,0,0
56781,3,2
69920,3,2
87737,3,2
15035,4,1
45844,2,1
36185,3,2
19581,4,2
56575,3,2
46300,1,0
25422,4,2
58562,1,1
73685,5,1
68427,2,0
27176,4,2
89291,5,2
3681,1,2
19148,5,0
55222,5,0
46466,3,1
48917,0,2
99316,1,2
51760,1,2
31959,2,1
64961,1,2
69740,0,0
12302,0,1
9000,4,0
82577,5,1
39877,1,0
51291,2,1
78721,5,2
37995,1,0
20871,1,1
23579,1,2
9682,2,2
68746,2,1
16730,5,1
54689,1,1
59072,3,2
71573,4,1
89796,4,1
81477,2,2
95572,1,0
95949,0,1
20178,3,1
61646,1,1
98238,5,0
12943,3,1
30874,2,2
65728,4,1
99752,3,1
60025,2,2
41638,4,2
22663,1,2
65721,3,2
25092,0,1
26129,1,1
58276,4,2
79206,4,2
82015,1,2
14653,5,1
45267,4,2
95067,2,2
80039,5,2
25419,1,1
39347,1,2
15085,1,2
74347,2,0
81308,0,2
89575,0,2
30005,1,2
87232,1,2
48591,0,1
81815,4,2
45861,0,2
24541,0,2
42120,1,2
13376,5,2
56109,2,1
25290,5,2
71766,0,2
16595,3,1
30234,2,1
61987,5,2
68398,1,1
34313,5,2
17422,1,1
78310,4,1
33924,2,2
80988,0,2
54664,1,2
8155,2,2
32541,1,1
25487,5,0
23621,0,2
78838,4,2
19601,3,2
20407,1,2
13372,3,0
15969,3,2
75987,0,0
33680,2,1
28029,1,2
54891,4,2
32824,2,2
2619,0,1
35739,4,1
13721,2,1
36703,2,1
58478,1,2
76855,1,1
16563,2,2
85125,2,0
74800,4,1
73256,3,1
37306,1,1
99643,2,1
65422,4,2
8908,5,2
81627,5,2
70677,0,2
74389,4,2
11179,3,1
3897,5,1
5837,0,1
51418,4,2
30594,3,1
84839,1,2
19586,4,2
94263,3,2
62116,4,1
64842,2,1
41162,3,0
62876,3,1
78556,5,1
81636,1,1
78934,2,2
61890,2,0
42146,4,2
61917,2,1
68850,3,2
31854,4,2
66105,2,2
91513,2,2
86469,2,1
24952,1,1
96023,0,2
49455,4,2
42183,0,1
54220,5,2
68153,4,1
42549,0,2
88645,0,1
83880,1,2
88395,3,2
49515,0,2
62399,0,1
89592,3,2
54690,1,2
54105,4,2
80307,3,2
30528,1,1
58634,2,2
43896,4,2
7634,4,2
78229,1,2
37005,3,1
95630,2,1
22222,3,0
86043,5,1
77992,1,1
14550,2,2
83903,5,0
41066,4,1
44442,3,2
65065,4,1
23524,3,0
79689,4,2
97252,3,2
25490,0,2
18777,1,0
48031,2,2
53013,1,2
52516,5,0
83424,5,0
96865,2,1
60997,2,2
12670,0,2
13471,2,1
53084,0,2
45403,0,2
53617,3,0
60447,3,1
81018,3,1
76867,1,1
54737,5,2
10664,1,0
22941,3,1
76481,4,2
31102,3,2
85732,5,2
52294,4,2
76863,1,0
10464,4,1
91272,0,1
78835,2,2
58330,2,1
49133,4,0
2056,0,2
38774,5,2
20184,4,1
12255,4,2
11594,2,1
10423,2,0
90402,3,2
45923,4,2
99169,0,1
34133,1,1
54591,2,1
29440,4,2
96794,1,2
34138,5,2
2299,5,2
13904,2,1
51595,4,1
79048,0,1
89331,2,2
14750,1,2
58008,5,2
53889,2,1
96442,0,2
29532,5,0
82143,2,1
86549,1,2
39149,1,2
75855,4,2
27387,3,1
90715,2,1
77248,2,1
78518,5,2
18995,4,2
32337,3,2
824,5,1
53109,1,1
83890,5,1
39744,3,2
29928,0,2
44582,2,0
3841,2,2
30694,3,1
50236,2,2
29932,5,2
2320,4,1
37874,5,2
58109,2,1
61680,3,2
74042,0,2
52755,1,0
38080,4,2
99338,2,1
92526,2,1
20539,2,2
37486,1,2
52525,0,2
15806,4,0
33649,3,1
61982,3,2
39546,2,2
7109,5,1
43829,2,2
16757,0,2
57311,3,0
34796,2,0
60986,4,0
78690,1,2
20283,5,1
18361,4,1
96965,1,2
88090,4,0
43663,0,2
46035,0,2
67229,3,1
84548,2,1
78262,4,2
59836,0,2
45886,0,1
60219,2,0
17705,0,2
74051,0,1
2010,0,1
57889,4,0
69270,2,2
14982,0,0
72694,4,2
18667,5,0
12287,2,2
24948,5,2
44117,5,2
53463,3,0
59410,0,1
75296,4,1
94316,1,2
4246,3,2
79538,3,2
87642,3,2
91117,1,2
97446,1,2
1731,4,1
19300,1,1
6189,4,0
54425,4,2
91455,5,1
92408,5,2
5019,2,1
84152,5,1
8809,5,2
24296,1,0
42879,3,2
79220,4,2
23017,2,1
9659,4,2
5668,1,1
81098,4,2
18265,4,1
37226,5,1
62719,1,2
66228,5,1
92374,2,1
89540,5,0
62154,2,1
42791,4,0
39703,2,1
91509,2,2
17659,4,1
24433,5,0
64975,2,2
91725,2,2
20962,5,2
88355,0,2
8781,4,2
10819,2,0
65055,1,2
25259,3,0
49614,1,1
80105,0,1
39747,5,0
93160,4,2
68768,2,2
49389,3,2
44420,3,1
28482,4,2
79445,2,1
69751,2,1
81756,2,2
8419,3,1
3228,1,2
62265,3,1
3774,0,1
27046,1,0
1042,1,0
25375,4,0
70899,0,2
41128,0,0
36661,4,2
72209,0,1
81573,4,2
66225,0,2
29145,3,1
31486,3,2
64502,2,2
94828,1,1
64633,1,0
36069,3,0
29401,0,2
28519,2,2
36348,1,0
51165,3,2
6649,2,1
6227,3,1
84826,4,2
18233,5,2
29335,5,1
66206,3,1
61219,2,0
68716,2,0
42302,3,2
63894,5,1
65135,2,0
25052,2,2
69011,0,1
89465,4,2
44427,5,1
21365,0,1
92186,3,0
3406,5,0
6279,4,2
41708,0,2
29330,2,2
62749,2,2
29917,5,2
98315,1,1
83852,3,0
16715,0,2
32442,2,2
74014,0,0
86359,1,1
9516,0,2
52613,2,1
53228,4,1
31607,3,2
20009,4,2
68469,2,0
71158,1,0
69976,3,2
41400,4,2
51546,5,1
5691,5,1
59248,2,2
15103,4,2
82998,5,1
53713,3,2
88883,1,1
24520,1,2
84702,5,0
6876,5,2
19742,5,0
91216,0,2
35294,5,0
65196,5,2
53166,0,0
8888,4,2
81681,1,1
52090,4,2
79313,2,1
36186,1,1
43170,3,0
65638,3,0
62036,1,2
9858,1,2
59253,4,1
5707,3,2
49491,1,2
36709,0,1
21703,0,2
86505,4,2
82160,5,1
95401,5,0
77332,3,2
91740,3,0
14906,2,1
9001,5,1
33690,0,0
4474,3,2
88312,5,2
47420,4,2
83965,4,2
56301,1,2
77433,1,1
9111,0,1
8855,5,2
63152,1,0
2025,2,2
29263,4,1
37651,2,2
14944,1,0
45710,5,1
50035,0,0
4785,3,2
48072,0,0
95058,3,2
58222,4,2
87169,5,1
25314,3,2
19752,2,2
74811,2,2
38959,0,1
42476,2,1
42593,3,1
93094,5,2
35684,2,1
53115,3,0
7312,0,2
81448,3,1
79628,2,0
42668,3,2
34594,0,2
80421,5,2
52114,2,2
33413,5,0
24440,2,0
23282,0,2
67953,2,0
87843,1,1
30614,2,1
19843,4,1
53654,2,2
92286,3,2
28641,0,0
97825,4,1
53030,1,2
38113,0,2
11526,4,1
91085,5,1
21169,1,1
61358,0,1
76803,2,2
47414,5,1
34129,1,2
45146,4,0
80314,1,2
50191,3,2
54867,2,0
89058,0,2
21921,3,1
27745,3,1
29809,3,0
70307,4,2
1561,5,2
21204,4,1
65773,0,1
34750,3,0
47151,0,2
15141,2,1
20171,0,2
80381,2,1
35175,2,2
73457,1,0
6924,0,2
44001,4,2
84490,5,2
86177,2,2
60107,1,2
1797,2,2
6495,4,2
80936,1,1
35228,5,0
58144,4,2
37830,1,0
68594,3,1
2837,1,1
49367,4,1
50510,2,2
83953,0,2
37510,5,2
93064,0,1
37163,4,2
12730,2,2
76922,3,2
83082,3,2
14281,5,2
196,0,0
71795,3,2
93452,1,1
67648,4,2
80203,3,2
83373,5,1
72867,5,0
25582,3,2
67741,4,1
35655,1,2
47911,5,2
12059,2,2
66793,4,2
7699,1,1
18176,5,0
64571,1,2
45558,5,2
35878,4,2
38170,5,1
45745,3,1
15273,3,1
90048,2,2
10940,1,2
98154,4,2
45485,4,2
56499,1,2
6164,3,1
15906,4,2
55708,0,2
27728,4,2
44636,1,1
76974,3,1
9484,1,1
16985,0,2
31384,4,2
65972,4,2
86354,5,0
5287,3,1
73560,1,2
94405,3,2
96129,1,2
56782,5,2
9670,3,2
72244,1,1
36194,1,1
55873,3,1
10973,3,0
70419,3,1
34553,2,0
56648,0,2
1076,1,1
30175,1,2
97938,3,2
2136,3,2
26167,4,2
59823,3,1
76509,0,1
91045,4,1
31722,3,2
68764,2,1
36098,1,2
61935,2,1
69776,4,1
1580,2,2
62257,4,2
38186,3,2
53454,5,1
96473,4,1
52403,0,1
45368,5,1
49382,0,0
96748,5,1
42941,2,2
29560,0,1
29519,2,2
86305,1,0
10073,5,2
59331,0,2
21744,3,1
45248,0,1
68203,1,1
58078,5,1
44955,5,2
78167,5,1
14735,3,2
94471,2,1
30700,4,2
39615,2,0
37297,5,1
9038,1,0
10878,0,1
94649,1,0
19711,1,2
71844,5,1
59827,5,1
60331,3,1
1148,3,0
74880,0,0
80315,5,0
91619,3,1
2793,1,2
52960,5,2
40289,1,2
17989,2,1
56721,5,2
89720,5,1
56700,0,1
41493,2,1
2057,3,1
54375,3,2
90127,0,0
16425,3,0
35608,5,2
66948,4,2
92315,5,2
17837,3,2
91798,4,1
16623,3,2
48605,3,1
26552,3,2
64653,4,0
32736,1,1
41482,4,2
33480,4,0
67873,1,2
29648,0,2
53763,0,1
59555,4,2
35697,2,1
50893,1,2
12554,2,1
61612,1,0
22229,5,0
36648,1,2
81827,1,1
96553,0,0
94636,4,0
20169,5,2
44627,0,1
56794,0,2
12291,1,1
97804,5,0
31744,0,1
16478,4,2
69397,3,2
23918,1,2
20843,3,0
91277,1,2
82638,1,2
72284,4,1
87622,5,2
33754,5,2
68277,4,1
41645,1,1
75881,5,1
51756,1,1
92766,4,2
93362,2,1
16604,3,2
64052,5,2
8856,4,2
65543,1,1
8433,2,2
97896,4,2
68695,4,2
51108,4,1
93946,4,2
56969,3,2
45129,0,2
63871,0,2
84873,3,2
49719,0,1
71012,1,2
55572,1,0
61075,2,1
68681,4,1
74145,1,1
51834,3,2
17662,5,2
90546,2,0
97191,0,1
68894,0,1
21030,1,1
23107,1,2
83776,3,2
5861,4,2
76794,3,0
46564,0,1
13029,5,2
82828,5,2
51456,0,1
89547,5,1
99773,2,2
28464,1,1
30382,4,2
9925,0,2
77689,2,2
22027,2,0
55008,5,0
45163,0,2
60804,0,1
61740,0,2
61461,5,2
44126,2,1
5633,2,1
73137,0,0
37094,2,2
72031,4,2
2876,3,1
33322,4,1
38880,0,0
97273,5,2
84050,4,1
21028,4,2
30934,2,1
57214,0,2
58718,5,1
56415,5,1
12090,0,1
16614,3,1
26113,1,1
51842,1,2
90403,4,2
99988,1,2
51862,0,1
43261,2,2
27332,1,2
53684,5,1
20607,4,1
87449,3,1
35130,4,2
73944,5,1
49169,2,2
58693,2,1
94784,1,2
96754,2,1
40902,3,0
45706,1,0
25534,0,0
20682,2,2
6597,3,2
40292,1,2
95060,0,2
86534,3,0
66958,3,2
73047,5,2
50424,1,1
9107,4,2
31555,3,0
97368,2,2
97325,0,1
27818,4,1
23054,5,2
51238,1,0
84975,1,0
67135,3,2
10302,5,0
72602,3,2
96088,3,2
72358,5,2
17540,4,1
43915,4,2
43367,0,2
35055,5,2
85997,5,1
14823,0,1
86633,4,2
98713,2,1
31139,1,0
46817,1,1
35536,3,0
36366,0,1
77154,4,1
82343,4,1
30579,2,2
55837,5,2
87517,1,1
48186,3,1
8051,2,2
89081,4,2
81044,2,1
44589,5,0
85037,4,2
66696,4,1
4963,1,2
12870,5,2
53274,0,2
39757,2,2
69965,4,1
35078,0,2
76775,0,1
50652,4,0
26557,3,0
19046,5,1
77663,4,2
73966,2,2
27052,5,1
27734,1,1
63458,4,2
69035,2,2
50524,1,1
5617,5,2
67557,2,2
40269,2,1
52880,1,2
47098,3,2
46406,2,2
42437,5,2
35179,0,1
43325,2,1
64066,0,2
68112,0,2
99627,3,1
77557,3,0
93777,3,1
86324,2,1
47621,2,0
48163,4,2
42189,1,2
64716,2,2
74787,2,2
85012,5,1
48494,2,2
11372,4,1
24282,1,1
99324,5,2
95221,3,0
42439,3,2
34196,2,2
59482,4,2
67942,3,0
97877,1,0
69972,5,0
58415,1,0
24824,1,2
57639,4,0
67945,1,2
51377,1,2
79639,3,0
21816,5,2
59422,0,2
41582,5,0
74011,4,0
37338,0,1
31656,4,1
74124,5,2
44216,2,2
42694,5,2
11664,0,1
19507,0,2
67059,2,2
72346,3,2
91020,1,2
58934,4,2
71185,4,1
47649,5,2
55362,2,1
55598,5,1
80910,3,0
91952,0,1
49883,2,1
31637,3,1
68844,1,2
22932,5,1
40144,2,1
26561,2,1
4724,3,1
95192,4,0
52349,3,2
39520,0,2
77645,3,2
37809,4,2
44490,1,2
49674,2,2
49964,1,2
22166,5,2
62870,4,2
10489,4,1
35186,1,1
84697,3,2
93957,1,2
65071,0,2
17539,1,1
98176,1,1
74560,3,2
65952,5,2
31525,2,1
74815,2,0
52290,4,2
28091,3,1
6839,1,2
46069,4,2
18998,5,1
47470,0,0
18341,0,2
26701,2,2
87439,5,1
38693,2,2
79572,0,2
67561,2,0
8836,2,0
58450,0,2
42544,4,2
37232,5,1
5803,2,0
53190,5,2
63616,0,1
42831,4,1
470,3,1
16365,3,2
98455,0,2
91495,0,1
95063,5,0
69084,1,2
93315,5,2
768,5,1
39498,2,1
53382,2,1
84039,5,2
85195,2,1
31798,5,2
89620,2,2
21317,0,1
70387,2,2
59052,4,0
55758,4,2
68424,1,1
38635,1,2
33548,0,2
38989,3,2
61372,1,1
82885,5,0
28016,4,2
65302,4,2
98902,1,2
89882,4,2
68741,1,2
11063,3,1
14758,5,2
78882,2,1
52347,1,2
98898,2,2
14346,3,1
85335,2,1
78351,1,2
90514,2,1
1581,0,1
38900,3,1
88230,1,1
23540,0,1
35332,1,0
56175,3,2
51216,0,1
11770,1,2
36475,3,1
89864,5,0
93212,0,1
36674,0,2
91262,2,1
53869,2,0
88500,3,2
90355,0,2
42095,0,1
72092,0,1
13414,4,2
33060,0,2
34377,1,1
81559,1,2
94167,2,0
67925,4,0
67175,2,0
15051,5,2
80740,5,0
7870,4,2
67101,5,1
39086,0,1
73383,1,0
79970,2,0
3048,3,0
33337,1,1
27783,2,2
79613,0,0
7090,3,2
7142,3,2
54271,3,1
40384,5,1
24590,4,1
90704,1,2
19124,0,0
33639,1,0
72868,1,0
56630,4,1
1305,1,1
78695,0,2
10380,0,2
20275,3,0
62647,5,2
67158,4,2
97079,5,2
36506,5,0
14490,5,0
45897,3,1
95666,0,2
11129,3,1
36679,5,0
54646,5,2
95696,2,2
76639,5,2
92776,5,1
14353,3,0
81295,3,2
88202,5,1
28742,2,2
24216,5,1
61936,4,2
55310,3,1
68523,5,0
84903,0,1
66473,4,2
3208,5,2
77771,1,2
6602,5,0
67511,1,2
899,1,2
69282,2,2
74379,3,2
86040,0,1
77626,4,1
28168,4,2
41392,3,2
70935,3,1
85677,0,1
70789,5,0
4414,3,2
30126,1,2
24710,0,0
41729,2,0
29423,0,1
49960,0,1
58817,1,1
56321,4,0
83636,1,2
84668,3,1
8712,1,2
28832,2,2
57867,3,1
50942,1,2
84898,0,0
52625,4,1
7682,2,2
50790,1,2
20235,3,2
28313,4,2
32888,2,0
59115,3,2
1494,3,0
68835,2,1
29663,0,0
32899,0,2
72516,2,2
94331,2,2
47033,2,2
17479,3,2
33818,0,1
33470,2,2
32359,2,2
54500,5,2
45517,2,2
32385,5,2
56832,4,2
81164,1,2
23681,3,2
17223,0,0
52839,3,1
82990,5,1
30168,1,2
71147,0,2
44514,2,2
96800,0,2
15946,3,1
13576,5,2
67651,1,2
18421,5,1
39403,2,0
58951,5,1
40970,5,2
68573,3,2
14441,1,2
10169,4,2
2221,5,1
64748,1,0
81746,1,1
62646,2,1
79955,5,2
10418,3,1
84360,3,1
26271,5,1
74980,4,0
27646,3,0
63854,5,2
56949,5,1
62058,4,2
23898,3,0
27930,4,1
188,3,1
90585,2,2
28549,2,0
62643,1,2
76375,2,0
68259,0,1
85320,5,0
90256,5,1
31005,4,0
6241,4,2
50419,1,2
56179,5,1
82533,0,0
94741,1,2
48005,0,1
24441,0,1
19628,1,2
63044,1,1
97157,5,0
53367,4,2
96994,4,2
51163,1,1
38230,3,1
60161,0,0
39249,0,1
37069,2,2
55520,2,2
11979,4,1
5541,5,2
78395,3,1
69255,3,2
19912,5,0
26778,5,2
52088,1,0
77465,1,0
98434,0,0
1123,3,2
50015,0,1
67571,1,1
97648,4,2
8694,1,2
37253,1,1
11348,2,2
82846,1,2
95538,4,2
89584,3,2
14503,2,2
2232,5,0
8810,5,1
7395,3,1
97081,1,2
56014,1,2
27036,4,2
25140,2,0
79817,5,0
78205,5,2
80264,3,2
85305,1,2
90824,5,2
96030,5,2
91298,5,0
84020,5,1
4787,2,1
98787,4,2
86362,5,0
21833,0,2
36368,3,2
37154,2,0
72577,0,1
13045,0,1
41364,0,1
76563,4,2
71896,4,0
98909,0,2
35045,1,0
98857,2,0
1682,2,1
9879,5,2
15824,0,2
21573,5,1
22215,5,2
76065,2,1
88294,0,0
48746,1,2
4966,4,1
99297,5,2
61818,3,2
70517,5,1
1915,3,1
35591,1,2
61465,5,2
58956,1,2
81500,1,0
4910,1,2
85734,4,2
16961,2,2
50293,3,2
23013,0,2
88945,3,2
58476,4,2
44485,3,2
42491,4,2
20196,3,2
76667,5,2
36437,2,1
92913,2,1
38860,5,0
21656,1,0
14479,3,1
50081,0,1
27673,2,2
346,4,2
76650,0,2
95895,3,2
89669,2,0
28823,3,2
56312,1,1
89541,2,1
32500,4,2
66665,4,2
82858,3,0
45819,1,2
53986,5,2
92880,0,2
22052,2,1
9770,5,2
64124,4,2
20874,2,1
31146,4,2
4992,3,1
214,1,2
3703,2,2
24182,5,2
28116,2,1
54234,5,2
98165,0,2
32312,0,1
5203,0,2
63403,1,2
81962,0,2
26358,2,2
89612,0,2
37211,1,1
4177,5,2
59311,5,2
71177,4,2
94969,0,1
66913,3,2
56104,1,2
24236,0,1
1668,0,0
66561,5,1
45999,3,2
30914,1,0
88709,3,0
58976,0,1
17134,0,2
33805,4,2
31240,0,1
50346,2,2
28301,2,1
41925,4,1
3744,3,0
64262,5,0
54571,5,2
29625,1,2
59221,5,2
66034,0,2
57838,1,2
30883,5,2
40074,4,2
84486,5,2
9750,4,2
85344,3,2
87197,5,2
96755,0,2
56773,1,2
21389,5,2
12716,1,2
70729,0,2
51647,2,2
56510,5,1
28177,3,2
58732,0,0
22426,0,2
45650,1,0
845,3,2
72061,5,2
96715,0,1
22893,0,2
55179,2,1
83800,0,2
50258,1,2
17768,1,2
95884,4,2
8228,5,1
84872,1,0
29111,1,0
31391,3,0
41946,3,1
13684,5,0
87948,4,1
41762,2,2
78657,4,1
56995,3,2
9443,1,2
1454,3,1
17071,1,2
70014,4,1
94194,4,2
69152,2,1
77419,0,1
44921,1,1
63881,2,1
67814,1,2
97514,3,2
38601,1,1
32839,5,1
64083,0,1
40035,4,2
53619,0,0
4040,0,2
17653,2,1
16271,2,1
63008,5,2
10179,2,1
1183,5,1
14188,5,2
48215,3,2
31254,4,2
22354,2,2
72858,3,2
62457,4,2
60247,3,0
8762,5,2
43091,1,2
51696,5,0
12167,3,2
16218,3,0
61942,3,2
18669,1,1
15335,0,0
60976,0,2
37624,4,0
80005,3,1
23248,0,2
26821,5,2
42092,2,1
43455,1,1
51766,4,2
23456,2,0
71520,2,2
67950,5,1
91280,1,1
7444,1,2
48598,3,2
94095,3,1
9290,1,1
21902,2,2
7089,2,2
73854,4,2
60600,0,1
54488,4,2
76252,0,1
45884,0,2
32137,4,2
29975,4,1
1893,2,2
19486,3,2
14027,3,2
15512,2,2
30330,4,1
2663,3,1
23396,3,1
71457,1,1
84069,4,2
93179,0,2
98684,1,2
76574,5,2
26524,3,2
94019,1,2
70189,1,2
34158,3,2
38923,0,2
77555,0,1
75709,0,2
90352,0,2
93439,3,1
58280,0,1
31763,2,1
25423,1,1
23014,3,2
68637,4,1
66531,4,2
21065,1,2
98149,5,2
89835,2,0
38532,1,1
2789,0,2
15588,4,1
75728,5,1
38280,2,2
36984,2,2
66352,4,1
23834,0,0
66546,1,1
84086,3,2
55001,1,1
65948,2,2
43597,0,1
79793,4,0
66765,2,1
92647,5,2
15521,3,2
53316,5,2
37652,3,2
15237,2,2
66730,5,2
86655,2,1
27982,4,2
10881,2,1
5856,3,0
23311,3,1
76422,5,2
64349,2,1
13234,1,2
283,5,0
23115,4,2
46685,3,2
53501,3,1
47806,4,0
81008,1,2
65515,3,2
30413,3,0
92228,5,2
3026,3,2
22022,3,1
75066,0,1
26389,0,1
423,1,2
36792,0,2
11947,5,1
63328,5,2
91222,5,0
99955,2,2
91476,3,2
25439,3,0
32575,4,1
68004,4,2
38357,3,0
81606,4,2
20215,3,2
41746,3,1
94640,2,1
46426,1,2
92811,1,2
55498,2,1
87766,5,0
19921,0,1
93104,3,1
82802,1,2
7535,2,2
52867,5,1
71814,2,2
83265,2,2
13204,2,2
80365,3,1
98429,5,2
49884,4,1
98827,2,2
27601,1,2
5267,5,2
3348,4,2
75190,5,0
33284,3,2
18435,4,1
26917,3,1
34688,0,2
66893,2,1
56148,1,2
58824,1,2
43168,5,2
60879,1,2
20264,1,1
44426,2,1
58618,4,0
89790,2,1
98171,1,1
67403,4,1
66098,3,2
62407,4,1
96659,2,0
72003,3,2
85261,3,0
73928,4,1
98782,2,2
64361,2,2
57022,4,1
90927,1,2
89068,2,1
50450,4,0
52295,1,2
32552,0,2
32390,2,0
97908,1,0
16333,5,0
4065,5,2
84250,3,0
36935,4,1
30058,4,1
24485,3,0
10552,3,2
14429,2,0
86656,5,2
31291,5,1
94011,5,2
25875,4,1
65059,3,2
70219,4,1
61310,0,2
19525,5,2
48535,4,1
34194,0,0
21760,1,2
16147,5,1
65615,1,1
67608,0,2
22152,0,2
38184,3,2
25153,1,2
91734,0,2
52443,2,2
59283,4,0
35357,3,1
8768,0,1
78667,0,2
94776,0,0
92305,3,1
66085,0,2
40276,0,2
29297,4,1
16842,4,1
3226,5,2
21598,1,1
48505,1,2
30912,3,2
44169,0,0
32308,3,2
56818,4,1
93342,2,1
46155,2,0
81481,0,1
46920,1,2
5146,3,1
67021,1,2
39870,3,2
82517,1,1
83057,0,2
86599,2,1
77551,1,1
75158,3,2
2875,0,1
99557,1,2
3791,4,1
66292,3,0
60725,5,1
7417,1,1
90877,5,1
80571,2,1
10004,5,2
51427,1,1
96954,3,0
55480,5,2
75227,4,1
63814,0,1
57652,4,0
71702,3,1
11150,4,2
26747,1,1
21159,4,1
92733,0,2
48171,3,1
8639,2,2
89142,2,1
46401,2,0
2185,0,1
74491,0,2
39033,0,0
84217,0,2
11194,4,2
58422,4,2
62970,4,2
69272,0,1
43579,3,0
84198,4,2
65426,1,1
1130,1,0
45073,3,2
85971,5,2
20968,2,1
8541,5,0
92249,2,1
97279,5,0
34388,4,2
8563,5,2
58906,4,2
65824,2,2
50584,4,2
83002,3,2
94078,2,0
33910,5,1
87832,4,2
37053,5,2
4009,0,0
92952,4,1
96699,5,1
24720,0,1
83854,4,0
31201,5,2
3733,5,1
44923,5,2
80939,3,2
59549,2,2
32612,0,1
33633,3,0
6790,0,1
10893,1,2
68107,2,1
91841,1,2
3514,0,1
42562,1,2
19126,1,2
17984,0,2
54168,2,1
15252,4,2
34225,4,2
70515,4,1
52441,2,2
19774,5,2
8295,1,1
10603,5,2
35260,0,1
18866,5,2
97378,2,1
86216,1,2
49173,3,1
49155,0,2
53481,4,1
45061,4,2
92220,4,0
91564,5,0
73790,2,2
82792,3,2
71232,5,0
75492,5,2
32063,3,2
68278,4,2
92253,1,2
93672,2,0
29079,0,2
36046,0,2
40164,5,0
14287,2,2
74440,0,0
62644,5,0
74812,0,1
21194,3,2
81020,0,1
85583,1,2
98540,0,0
28181,3,2
7923,2,1
93085,4,2
27473,1,2
6128,5,2
94465,1,1
93667,1,2
19509,4,2
6086,1,0
1052,0,1
34318,2,1
68509,4,1
87669,1,1
43052,3,1
14774,0,1
77644,2,0
66197,5,1
74285,5,2
50792,2,2
44102,0,2
89332,4,0
43267,4,1
28400,3,1
77931,0,1
73748,0,0
16515,3,0
48120,3,2
54872,5,2
83661,3,2
88041,1,2
83841,3,2
13032,4,0
62645,5,2
29977,4,1
54564,5,1
23439,4,1
20453,2,2
76110,5,1
69593,3,2
3909,5,2
30050,3,2
52483,0,2
56041,5,2
97702,0,1
81511,5,2
33647,2,0
46397,5,2
27927,1,2
62537,5,0
59225,5,1
15615,1,0
34090,3,1
98551,2,2
88780,5,2
77251,4,2
20379,4,1
36881,0,1
26941,0,2
97603,0,1
21812,1,2
32626,3,0
30163,0,1
7492,0,2
37687,2,1
5676,1,2
537,4,2
49212,0,1
33873,2,1
53926,0,2
98221,3,1
66684,0,1
6319,0,0
3373,0,1
78365,5,0
70153,3,2
2399,2,0
2256,0,1
81849,3,1
37663,0,1
10016,1,1
17115,5,2
42524,0,0
12187,1,2
52739,4,1
392,5,1
31997,1,2
84015,3,2
35787,2,0
38790,4,2
65882,2,1
61140,4,1
97460,0,2
99479,5,2
21985,1,2
18355,4,2
635,4,2
49934,3,2
78987,4,1
70567,0,2
50357,5,2
10946,5,1
15148,3,0
94282,4,1
53029,1,1
7922,0,2
63601,5,2
71755,1,1
69926,1,0
7045,5,1
93646,1,2
26384,3,1
24065,1,2
13410,5,2
84980,1,0
48375,2,1
64819,4,0
70390,5,1
62913,2,1
45353,2,2
52716,0,2
84833,5,2
34720,2,2
71334,5,2
71622,1,2
30459,3,0
89093,5,1
61388,0,1
98856,1,2
65447,1,2
71563,5,1
57320,1,2
91316,0,1
58741,2,1
55293,2,2
81142,0,1
81073,1,2
72409,2,2
16306,1,2
68508,1,0
27079,0,1
97800,3,2
70845,1,1
51967,4,2
50356,3,0
81296,1,2
68870,5,1
95077,4,0
15590,1,2
11128,0,2
65442,4,1
32105,1,0
17397,5,2
91167,0,2
98789,0,1
68843,3,0
94611,2,1
31328,0,2
37099,2,2
72816,1,2
97712,5,2
93883,5,2
75526,1,2
55564,2,2
19547,5,2
58071,2,2
97458,0,1
19225,2,2
57779,2,1
6732,4,2
25543,3,0
75923,2,2
5831,2,1
18203,1,1
21435,2,2
90383,1,1
1793,5,0
77508,4,2
46556,4,2
27880,5,2
76845,3,1
28621,3,2
63618,0,2
44822,0,1
45786,1,2
11382,0,1
3854,2,1
6654,3,1
34435,4,2
84902,5,2
5681,4,0
70721,1,0
60437,5,1
2093,1,1
69556,1,1
68896,1,2
38228,3,2
72914,2,1
12584,3,0
80607,1,2
49654,0,0
2128,5,2
10191,3,0
53597,2,1
50122,3,2
20291,5,1
34149,1,2
26511,0,2
56318,1,2
33942,3,1
75663,5,2
76888,5,2
78805,4,1
13367,1,1
30449,0,2
91074,4,2
84773,0,2
83914,3,2
56495,4,0
19353,0,0
43572,3,1
57481,2,2
66163,1,1
20616,5,0
92535,4,1
29653,0,2
57449,2,0
27691,1,1
8923,3,1
61198,3,2
982,3,2
11124,1,2
18696,1,1
9234,5,2
37881,4,2
90905,2,1
20891,0,0
28267,3,1
67054,5,2
306,3,2
75470,4,1
83131,3,1
89503,2,1
29496,3,1
84782,0,1
42713,4,2
5329,2,0
30416,0,2
47189,1,2
3863,0,1
45244,4,2
56478,5,2
95787,1,0
40374,1,2
66639,2,2
49735,3,1
13064,4,2
6067,1,1
10069,2,2
46753,3,1
65731,5,0
918,0,2
47714,1,0
6960,3,2
58535,0,0
58468,1,1
55359,2,0
47573,5,2
14166,0,1
38734,5,1
13971,1,2
52721,4,0
78589,2,2
34696,4,2
74163,4,2
50485,3,2
31791,4,1
32557,1,2
22313,4,0
57504,1,2
71507,1,2
20779,2,1
46951,3,1
47748,2,2
51269,2,1
21727,0,1
21944,0,0
79458,3,2
64058,2,0
28527,0,1
7333,0,2
88661,0,2
9410,5,2
48638,1,2
92012,5,1
34820,2,2
91082,4,2
87597,2,2
14685,1,2
9755,4,2
6771,4,2
11182,0,2
93033,3,2
83386,1,1
99926,0,1
95852,3,2
25728,2,0
36019,1,2
16078,2,1
10729,2,1
99395,4,0
59573,2,1
60571,0,1
77851,3,1
60679,2,2
20673,5,2
49170,1,2
76046,4,2
3080,5,1
25951,5,1
51743,5,0
74135,2,2
37737,0,1
57874,1,1
20524,3,2
79563,2,0
87082,3,0
65038,4,2
35566,4,2
24746,1,1
68185,0,1
97106,2,0
71235,3,2
77287,4,2
5546,5,2
20831,4,2
23226,3,0
67532,4,2
25402,1,0
4459,4,2
34524,3,0
5030,0,2
55706,1,2
50746,1,0
55464,4,2
27365,2,1
54802,1,1
65781,2,0
86569,0,2
3849,5,2
91306,0,2
83942,5,2
46082,3,2
39,0,0
64792,1,1
40901,5,2
68489,0,1
16570,0,2
85702,0,1
96377,3,0
77921,5,0
31782,4,0
13891,2,1
28470,0,1
96247,0,2
55466,0,2
38736,3,2
26753,3,2
58689,4,1
80090,1,1
6447,0,2
39974,4,1
54996,2,2
25784,4,2
19367,3,1
95025,3,1
3669,2,2
38797,5,2
57529,5,0
40333,4,0
54587,1,0
15976,5,1
54534,4,1
1157,1,1
93987,3,1
33893,1,0
42559,3,0
58377,2,2
81800,4,1
88000,4,2
41784,1,2
50771,3,2
12408,1,1
17570,4,0
42731,2,1
14666,5,1
86799,3,2
39922,0,2
344,4,2
28927,2,0
72050,0,0
16234,3,2
6394,5,2
32217,0,2
62168,1,1
4279,5,0
628,4,1
51956,2,2
92668,0,2
42137,0,2
64234,0,1
55486,4,1
69194,3,2
68717,4,2
24874,1,2
34046,5,1
28347,1,2
9660,0,2
48039,2,2
59622,4,1
80329,3,1
78881,2,2
11990,3,2
19238,4,0
5953,3,2
28326,4,2
13019,2,1
75121,2,1
62266,0,2
33273,2,1
93515,5,2
64452,4,0
81901,4,1
62113,2,2
24591,0,1
95597,1,1
42354,0,1
59901,5,2
78802,1,0
22758,3,0
67455,5,1
7038,2,2
81900,1,1
36520,5,1
33736,5,1
99079,1,1
93527,2,0
72835,0,2
18165,5,2
71631,4,2
79012,3,2
67117,2,2
88040,0,2
95807,3,2
55938,4,2
12136,3,2
39849,3,2
53271,2,2
79875,0,2
20776,4,2
14896,4,1
45056,1,2
51776,4,1
81470,2,2
12958,5,2
25252,3,2
52291,2,0
90067,1,2
52719,5,2
96331,5,0
92519,0,1
97785,1,1
60347,2,1
59409,1,1
95133,2,2
5099,1,1
34711,0,1
73035,3,2
11307,0,0
58483,1,1
58352,3,1
73355,1,2
72616,1,2
45254,2,0
96501,5,1
42515,0,2
39276,3,2
78376,5,1
67266,0,1
95128,3,1
41238,4,2
14950,4,1
5689,1,2
61824,2,0
16582,2,2
3985,1,1
70716,5,1
83247,4,1
72925,0,2
86933,4,1
73294,2,2
80060,5,1
32729,1,2
82115,2,1
57039,0,2
95118,2,2
49562,5,2
39951,4,2
84271,5,1
23109,1,0
11176,3,1
34137,5,0
36216,5,0
13199,0,1
15241,5,2
68794,2,1
31882,1,2
4364,5,2
83663,5,2
49238,5,1
39319,4,2
37763,3,2
16313,0,2
32853,1,2
95069,0,2
97543,1,2
58570,5,2
92077,1,2
84342,3,1
51963,1,2
43828,0,2
10951,5,2
31103,5,2
97300,2,2
51838,2,0
88621,4,2
35958,0,2
87203,3,0
74228,1,0
41983,2,2
88348,0,2
2306,4,1
25148,0,1
76345,2,1
21654,1,2
95019,2,0
26222,5,1
59994,2,2
26218,1,2
75252,2,2
44900,5,2
14396,0,2
16207,3,1
26615,5,2
63078,3,0
22683,2,2
79995,1,2
77903,3,2
90620,5,1
9787,2,0
55943,2,0
46422,0,1
78720,4,2
56313,0,2
49120,3,0
12760,1,0
16475,5,1
99494,1,2
27367,2,2
26316,4,1
46064,2,2
1989,2,1
32954,5,1
19350,0,1
39685,1,2
82857,2,1
4338,3,1
76584,4,2
77065,1,1
72725,1,2
89731,5,2
1489,2,1
38003,3,0
67621,2,2
9181,3,1
39454,1,1
20573,5,0
224,4,0
26658,4,2
60323,3,1
1533,5,2
85594,2,2
19386,4,0
98072,3,0
75520,3,1
24406,1,2
96949,4,2
65670,0,2
80286,1,1
49634,0,2
46469,2,2
63771,4,2
63416,3,2
46504,3,1
28027,3,1
5754,2,2
80728,4,2
88666,0,1
13980,3,1
19551,1,1
4893,4,2
12922,4,0
17237,0,2
65569,4,1
87008,1,2
23160,2,2
3962,1,0
9345,5,2
23350,5,2
11924,2,2
91818,0,2
70271,4,2
40326,2,1
37124,3,1
12433,2,1
50890,3,2
57990,4,2
83974,1,1
25185,5,0
36209,0,2
21701,4,2
50604,1,1
59421,3,2
60064,0,2
79761,0,0
23943,0,0
3174,5,2
88630,3,2
66117,3,2
57074,0,2
49728,3,2
43354,2,1
42541,1,1
54177,2,2
68098,4,2
80911,3,2
92644,4,2
25494,4,1
30068,0,2
34427,4,2
45428,3,0
83468,3,0
19089,0,0
66459,0,0
62451,3,1
86499,5,1
23002,2,2
89594,3,1
33948,0,2
90996,3,1
88101,0,2
94848,1,2
26755,1,2
41785,0,0
93835,1,2
31619,3,1
17488,0,0
38571,5,2
20960,1,2
84429,4,2
26158,1,1
20659,2,2
93368,1,0
34281,4,2
74207,1,2
9229,4,2
94145,3,0
80902,0,2
89680,0,0
54479,4,2
57664,1,2
39082,0,1
34990,2,1
23086,5,2
83847,1,1
99586,3,1
79805,2,1
28551,1,2
39475,2,2
44074,2,2
31899,5,1
78739,4,2
9922,2,0
46441,5,2
30770,4,0
48227,0,2
77884,1,1
85525,3,2
61843,4,0
7408,0,2
80035,0,2
4411,1,1
76357,0,0
88858,1,2
77456,3,2
531,2,2
15975,0,1
20568,1,1
12307,2,0
60960,2,1
61468,0,1
58810,2,2
21351,5,2
62188,0,2
11506,2,1
6729,2,2
53497,5,0
32216,1,2
75636,0,2
3462,3,1
28138,2,2
9915,3,2
74808,4,1
26456,3,2
47500,1,0
18013,3,1
11377,0,2
55154,2,1
58136,2,1
85551,4,2
87682,3,2
16293,2,2
39543,2,0
86086,5,0
31912,0,2
28614,3,2
76215,2,1
62065,3,1
66649,4,0
4267,5,2
12039,0,0
62843,5,1
23906,3,1
17296,4,0
2498,1,1
83200,3,1
82851,5,2
26715,2,2
78155,4,1
9029,2,1
74419,4,0
16683,5,2
91643,2,2
