ЧЛВК_ИД,ОТДЕЛ_ИД,УРОВЕНЬ_ДОСТУПА
47734,5,2
34306,0,1
63760,4,2
92689,0,1
17204,4,2
52380,1,0
28745,3,2
16667,4,0
91739,0,2
43141,2,2
63651,5,2
7317,0,1
10198,0,0
80270,5,1
35133,1,1
93023,1,1
72726,2,1
24192,5,2
8700,2,0
70717,0,2
87876,5,2
59933,5,1
66769,2,2
60353,4,2
77552,0,2
80851,4,2
12519,2,0
71046,1,2
580,2,2
46109,1,2
49191,3,2
13076,2,1
19650,0,1
11319,2,2
16152,5,2
96977,0,2
78962,0,2
70528,3,0
85459,0,2
65849,2,1
40538,2,0
58974,2,2
61502,5,0
6352,2,1
26084,1,1
98986,5,1
83182,1,2
37582,1,2
55737,5,0
28699,5,2
11244,4,2
37978,1,1
60409,3,2
67811,0,0
20381,3,0
84929,2,2
32258,0,2
9549,2,0
64802,4,0
33363,3,2
93988,1,0
80899,5,1
23788,1,2
84771,1,2
11239,0,2
95415,3,0
74998,2,1
77173,0,1
57180,1,2
99637,2,1
40781,0,2
89875,5,1
67809,3,2
99705,2,2
82718,4,2
50463,0,1
16961,4,2
31421,3,2
60663,0,2
42027,4,0
33243,3,2
64840,3,1
82800,5,2
11016,5,2
24207,3,2
14915,5,1
47720,4,0
72117,4,2
94417,0,0
35283,5,0
11155,3,1
30021,0,0
520,2,1
11614,5,2
25551,2,2
19380,4,2
95373,0,2
38652,3,0
57196,0,2
90562,2,2
25643,3,1
20672,3,0
10347,5,2
59189,4,2
23860,1,0
28059,4,2
84760,3,0
92486,5,1
36020,0,2
32793,4,0
12666,4,0
4985,5,0
87334,4,2
39951,1,2
43453,1,1
18972,2,2
7908,4,2
35170,2,2
76350,4,2
31283,2,1
3790,2,2
66059,3,2
40947,1,1
57074,4,2
43061,2,1
9784,4,2
95664,5,0
54429,4,2
6656,2,1
11563,2,2
67308,2,0
78225,3,2
67998,5,0
42465,1,2
96878,3,2
4403,0,0
86831,4,2
63243,5,2
16752,1,0
19654,3,2
30702,1,2
65944,1,2
74170,4,1
45187,3,1
18592,3,1
31687,3,1
69606,0,1
53375,2,2
62148,4,2
72500,3,2
68665,5,1
36382,1,1
77859,2,1
11975,2,0
94377,4,1
53529,3,2
70948,1,2
66751,1,1
63068,1,1
85500,1,2
34941,4,1
59645,5,0
24710,3,1
64962,2,2
57730,0,2
96860,4,2
90697,4,2
83314,2,1
50197,5,2
38886,3,2
58133,3,1
56748,5,1
63235,4,2
49433,4,2
2480,4,0
58634,5,2
52958,4,2
64707,3,1
91478,3,1
17929,5,1
63185,4,1
32830,2,2
34437,0,2
73309,1,1
9889,3,2
1586,0,2
49087,4,0
10798,5,1
3755,2,2
74046,5,1
9113,0,2
11543,2,0
88616,2,0
22596,3,2
5305,4,2
29919,5,2
44430,5,2
90879,0,2
79222,2,1
98294,0,1
99372,3,0
47627,1,2
50331,1,2
69284,0,2
51958,3,1
19716,4,0
29103,4,2
85904,5,2
45813,1,1
32693,2,1
74183,1,0
16434,3,1
52831,5,0
3169,4,1
18337,5,1
12099,2,2
4557,2,2
14267,0,2
94406,2,1
16813,4,0
7725,3,1
24709,4,0
19836,2,2
79487,4,0
11457,1,2
30186,3,1
59990,2,1
91130,3,2
73502,0,2
48287,4,2
81192,3,2
97953,5,2
24757,4,1
98828,5,2
39347,2,0
5811,3,2
76248,2,2
17676,2,1
97524,2,2
87446,1,0
11918,0,2
50476,3,2
63682,2,2
18103,3,0
43951,3,2
86736,4,2
31952,0,1
48118,1,1
90115,5,2
28131,4,0
8903,5,2
77400,5,1
42122,2,2
31653,1,0
3721,4,1
67125,0,1
59223,5,1
60274,0,2
92628,2,0
87485,1,1
11510,5,2
6020,3,2
46496,2,2
34945,3,2
48751,1,2
88688,5,2
52859,1,2
83048,3,1
63704,5,1
66292,2,1
52074,5,1
24484,2,0
37266,5,0
78378,0,1
77888,2,2
325,4,1
29153,3,2
17250,1,2
31723,1,2
49825,5,0
73997,1,2
31456,2,1
48246,5,1
19706,1,0
12468,2,0
83098,4,2
88531,5,0
21901,4,2
62155,3,2
8308,0,2
1675,5,1
9699,0,1
91095,1,1
56553,2,1
39712,4,2
68782,1,1
96128,3,2
37184,2,2
29143,1,2
13521,3,1
52220,5,0
32352,0,2
16062,1,1
46186,1,2
37194,5,1
69797,2,2
3609,0,1
54074,2,0
12682,2,1
29428,5,1
85327,1,1
55265,0,2
99251,5,0
56452,5,2
71522,4,1
46907,4,2
79508,5,1
86205,0,2
16186,5,0
57236,2,2
81398,2,0
57811,0,1
79929,4,2
44917,2,0
74950,1,2
75092,3,1
32937,2,0
29569,3,1
9020,5,0
28918,1,0
77208,5,2
47483,3,2
97311,3,2
47474,4,2
74204,1,2
66656,2,2
77986,5,2
64349,2,2
83063,5,2
12114,1,1
71889,0,2
22318,1,1
13267,5,2
6161,5,2
78193,1,1
59417,2,2
94038,3,2
52473,1,2
52374,3,2
70542,3,1
91951,2,0
8384,2,2
23413,2,1
63575,2,2
33714,1,2
67304,5,2
67230,4,2
42102,5,1
91563,1,0
75924,5,1
73802,0,2
24552,1,0
83090,5,1
2778,0,2
46526,0,0
49886,1,0
10580,0,2
7091,1,0
43203,4,1
22719,2,2
74321,0,2
2410,2,2
10987,4,2
89709,2,2
75925,5,1
52943,0,2
86321,3,2
20172,0,1
76670,1,0
48087,1,1
10272,0,0
88450,3,1
12446,4,2
31230,1,0
56237,2,1
75818,4,0
98687,5,2
38877,1,1
6520,2,2
93547,4,2
11003,1,0
69456,2,1
52456,2,0
32855,4,2
91302,5,2
41695,2,2
25650,0,2
88897,1,2
37032,2,1
90892,2,2
55961,1,1
84147,4,1
52185,2,1
63933,3,2
346,3,1
14428,2,2
69150,2,2
13292,3,2
95702,5,0
87466,2,2
99034,0,2
38288,5,1
46710,3,1
44949,0,2
51815,1,2
3681,3,2
56701,0,0
99895,1,2
68560,2,1
41113,5,1
71427,3,2
18260,0,2
86739,4,1
64805,3,1
20450,5,1
56908,0,0
16054,0,1
7308,0,2
28032,2,2
81760,4,2
79569,1,0
74437,0,1
53543,4,0
56730,1,0
29170,5,1
94178,4,1
33247,1,1
30567,3,0
96085,1,2
35138,3,2
75895,0,0
47464,5,1
83243,3,2
56617,2,2
69540,1,2
81454,2,2
8065,3,0
73248,1,2
27807,5,2
55304,3,1
33571,0,1
62470,3,2
33654,2,2
23401,2,2
98548,2,0
9161,5,2
93832,1,2
74573,3,2
33354,3,1
69424,1,1
83,4,0
93606,0,0
42286,0,2
38615,2,1
72373,4,0
52603,4,1
18194,1,1
30111,3,2
60092,2,2
48569,1,1
49938,5,1
1667,5,2
50084,1,1
65196,2,0
94705,5,1
64857,0,1
52033,0,2
38960,2,2
54515,3,1
44510,1,2
10705,3,0
50454,5,2
89091,0,2
50968,2,1
73183,1,2
53718,4,1
22681,2,1
46314,3,2
10560,2,1
7551,5,1
89747,5,2
84897,3,1
93736,5,1
80017,4,1
71298,0,2
55603,2,1
47368,3,2
16906,0,2
79124,3,1
80390,5,2
13006,4,2
85166,4,1
18428,5,2
62418,0,2
68605,1,2
78944,0,2
71695,5,2
38823,4,1
93603,2,1
99412,4,2
41356,0,1
98204,2,0
98351,2,1
37167,0,2
96673,0,2
39407,4,2
62834,3,1
69404,0,1
96221,1,2
19400,4,2
26933,5,1
13750,5,2
56047,4,1
59064,3,1
28409,1,2
22247,3,2
92679,2,1
65437,2,1
18476,5,1
73375,5,2
61492,4,2
20595,0,1
66747,0,2
43819,3,1
48935,4,2
70921,5,0
86038,3,0
58819,0,2
85426,3,2
4103,0,2
49077,1,0
44859,5,0
74676,1,1
6552,5,2
19166,4,0
10908,3,1
79707,5,1
58199,4,2
40626,3,0
94946,1,0
55381,4,2
83237,4,1
99366,5,1
75732,0,2
54196,0,2
24278,2,2
99992,5,2
671,2,2
67828,3,0
39617,4,2
89551,5,1
19549,4,2
11345,5,2
8177,0,2
67757,2,2
92867,0,0
77247,0,1
7471,3,1
41565,1,1
76736,4,2
79245,4,2
62982,5,0
82171,0,2
26317,5,2
74491,3,2
59014,3,2
84676,2,2
41000,5,2
50531,3,2
82766,2,0
13815,5,2
13976,2,0
43731,0,2
6775,3,0
96116,4,0
32953,2,2
15944,0,2
44803,2,2
64497,0,1
94895,4,1
33355,0,0
44076,3,2
69482,2,0
66503,5,2
71981,3,0
16807,0,2
78580,2,0
31810,4,2
20585,2,1
25820,4,0
80580,2,1
66521,4,2
2457,3,2
76446,1,1
6479,1,2
73946,2,1
30026,5,2
15736,3,2
69755,0,0
63419,2,2
76962,2,2
9108,5,1
24953,2,2
60114,3,1
35418,2,2
22874,5,1
70477,3,2
73531,2,2
8329,2,0
9948,3,1
19729,5,2
85480,5,1
98227,3,2
95195,1,1
23886,0,2
57383,5,1
21826,0,1
62486,2,1
71310,5,2
20519,4,0
45666,1,2
38592,0,0
33139,3,2
41239,1,1
97565,3,2
29756,4,1
65350,4,1
62989,1,2
14101,0,1
49328,3,2
88021,1,2
83484,0,2
9504,5,1
83164,2,1
98207,2,2
73676,3,0
3528,0,2
42487,5,1
94954,4,1
35988,3,2
12561,0,2
59163,2,1
78124,1,2
52598,5,2
21147,2,1
11536,2,2
67634,1,2
90142,0,1
92912,3,1
40030,3,2
62380,4,1
19020,2,1
56952,3,2
59566,2,2
5668,4,2
42530,2,2
24692,1,2
66596,5,2
86036,5,1
82799,0,1
16249,1,2
74607,5,2
28003,5,2
51907,1,2
32470,1,1
34923,3,1
98244,2,1
61223,0,2
70166,2,2
36227,2,1
48856,0,2
92897,5,2
9083,0,2
29078,3,1
73588,0,2
23248,3,1
53939,4,2
59523,4,2
45236,2,2
8322,1,1
69373,4,1
14125,0,2
40786,1,1
48712,1,1
48637,1,2
48141,4,1
27903,5,2
37010,5,2
86113,2,0
65775,0,1
32797,5,1
9855,2,2
5441,4,0
63434,2,2
40150,3,1
17182,5,2
8096,5,0
10436,5,1
79895,2,2
25234,3,1
28591,0,2
3584,3,2
84420,3,2
71798,4,2
5579,1,2
26300,1,2
28251,2,1
33670,0,2
15613,3,2
37555,0,2
64476,0,1
12448,3,2
42880,3,2
40058,5,2
36627,5,2
68453,5,2
91516,1,1
84620,5,1
57617,3,2
8705,0,1
90341,3,0
3361,5,1
89868,5,2
21637,1,1
5187,0,0
96936,1,1
3724,5,2
86713,1,1
69651,5,2
27693,1,2
33127,0,1
58145,3,2
26257,2,1
73114,4,1
64232,1,1
16133,4,2
77393,1,0
2981,0,2
17097,0,2
17954,3,1
91289,0,2
87141,4,1
44344,3,2
99221,0,1
22672,4,2
69583,3,1
97069,3,1
59195,4,2
46556,3,1
92685,0,1
26109,5,2
2037,3,2
57866,3,1
33839,3,2
16692,4,1
54306,3,0
40413,4,2
11621,0,2
71192,4,2
54528,1,2
86307,2,2
6024,5,0
42495,3,1
93438,0,1
71361,2,0
11477,4,2
22112,1,0
975,2,2
62689,0,2
57664,0,2
94677,1,2
93475,0,0
72371,2,2
59172,0,1
32909,5,2
22583,1,2
76987,1,2
38577,5,2
65664,1,2
68598,2,1
45068,5,0
72288,1,0
65522,1,2
54500,2,1
80002,1,0
92902,3,2
98532,4,1
90237,5,1
19511,3,2
18119,1,2
24360,1,2
73222,1,2
69643,3,0
82088,1,2
24685,4,1
50385,4,2
61534,1,2
88765,3,2
54713,1,2
72,2,2
5876,5,1
56549,1,0
31453,3,1
55349,1,2
14978,1,2
56420,0,2
68961,0,0
4804,2,2
44534,0,2
96324,2,0
74775,2,1
88234,3,1
37353,1,1
64509,1,1
23717,4,1
46128,1,1
47776,0,1
26631,2,1
1186,5,2
920,5,2
80880,4,0
61153,0,2
95237,4,0
84367,3,0
93396,3,2
16383,2,0
11707,5,2
93189,0,1
87358,2,1
63047,2,1
93513,0,1
20655,4,2
54868,5,2
29622,2,1
42361,4,1
98972,5,2
47195,0,2
68488,3,1
66216,5,2
4610,4,2
68019,1,2
70909,2,1
9765,5,2
39261,0,2
24900,2,2
99904,5,2
46848,1,1
139,0,2
39904,2,0
14343,0,0
28655,0,1
34985,2,1
14270,5,0
69165,0,2
54392,0,2
47929,1,2
5306,3,2
30224,1,2
9026,4,1
24477,4,2
87126,0,2
88769,3,1
56646,2,1
79767,4,2
45406,5,1
30692,1,2
20360,5,2
90463,0,1
3099,3,2
8536,5,2
87494,2,2
63008,5,2
89695,2,2
63153,4,2
5894,1,2
52465,1,0
52385,3,0
66969,2,2
30649,3,1
69319,4,2
5301,3,2
29056,4,0
17004,2,2
77497,0,0
12047,0,1
96849,2,2
97597,5,1
59375,1,1
71893,4,2
12749,1,0
99261,2,1
59130,1,1
87150,4,2
57972,2,1
16278,5,2
16559,1,2
81401,3,1
12759,5,1
98537,5,0
57561,1,1
13345,5,2
83913,3,0
19651,1,1
63231,0,2
26566,3,2
34836,5,2
26700,5,0
77050,0,1
96678,3,1
19841,1,2
47763,0,1
57647,4,1
34186,0,1
42996,1,2
75200,0,2
26741,4,1
3849,3,2
10797,0,0
84297,0,0
92709,1,2
33035,4,2
86883,3,1
34356,1,1
27243,1,2
56321,1,2
81296,4,0
94100,4,2
69445,2,2
11717,5,2
64921,1,0
59421,5,2
86184,5,1
99114,0,1
6716,5,2
46274,1,2
5011,4,1
17967,5,1
30488,3,2
90081,3,1
57336,2,0
21628,5,1
51723,0,2
20495,0,2
15772,1,1
57095,3,1
38374,3,2
66167,0,1
83169,2,1
50732,2,2
4727,0,2
50972,3,1
27759,4,2
49911,1,2
11582,1,2
63621,1,2
97408,4,1
32604,3,2
5121,4,1
27021,2,2
12985,1,1
6228,4,1
72935,2,0
44033,3,0
45609,4,1
18200,1,2
93651,3,1
57897,2,1
60073,4,2
71035,5,0
45078,0,2
23527,4,1
48014,2,2
75514,5,1
12420,5,0
77682,3,0
83721,0,1
96457,5,1
80287,2,0
5671,3,1
79877,0,1
53614,0,2
86504,2,2
20186,5,2
11405,0,1
46582,3,1
51069,2,2
65450,0,2
83062,3,2
13262,4,2
25095,4,2
49019,2,1
25078,2,2
68140,3,2
94020,0,2
5010,1,2
96458,2,2
52670,5,1
88361,2,0
99988,0,2
82658,5,2
77598,5,2
37146,1,0
87084,1,2
94420,3,2
64158,0,2
92478,5,2
92998,2,1
59450,1,1
72467,0,0
40506,5,2
79459,2,1
77545,3,1
22190,3,1
22777,5,2
84319,5,1
53362,3,2
20607,4,2
89496,1,1
81134,2,1
95053,3,1
70021,0,1
36284,3,2
13949,3,2
85600,3,2
28105,0,1
68412,5,2
51202,2,2
99503,1,2
27292,2,1
58644,1,1
87339,4,2
78179,4,1
89122,3,0
45602,4,2
86630,1,1
30223,3,1
75910,4,2
21849,0,0
24593,4,1
42362,0,2
94926,3,1
56378,3,1
24805,4,1
10217,4,2
28835,5,2
10761,4,1
60574,0,2
57904,1,2
7477,3,0
38024,3,2
33089,2,2
56677,4,0
6822,1,2
13379,5,2
39643,4,2
60656,5,2
63988,4,2
76563,4,2
12333,0,2
48602,1,2
21394,3,2
32212,2,2
6526,5,2
98163,1,2
57127,0,1
35081,0,2
84088,0,2
53522,0,2
75352,2,1
76336,0,1
1758,0,0
54114,0,1
55391,4,1
88022,5,2
57492,4,0
5095,4,2
13452,3,1
40007,3,1
83226,1,1
19362,4,0
9968,2,1
29442,2,2
48226,3,2
43972,5,2
5756,2,0
42670,0,1
60614,4,0
44036,0,1
41218,2,0
63804,3,0
90155,2,1
84326,3,2
40431,2,0
18820,2,1
65167,5,1
81636,3,2
62763,3,0
4864,1,1
60295,5,1
42002,2,2
69737,1,1
76253,1,1
70952,5,2
29360,4,2
4343,1,1
50718,1,2
51703,5,1
70028,5,2
29189,0,0
58496,2,2
6380,5,0
44097,0,1
26264,4,0
7419,3,2
71571,1,2
56628,0,1
34257,2,0
25187,2,1
84918,4,2
13471,3,2
62445,5,0
40641,4,2
83191,2,0
3998,0,2
37193,4,0
4720,3,1
63214,0,0
5393,3,2
41679,5,1
93420,0,0
3396,2,2
29662,5,2
42290,2,0
38328,1,2
6916,3,2
22938,3,1
26812,5,2
12860,0,2
60120,4,1
93961,4,2
54149,3,1
39571,5,1
24663,3,2
92020,1,2
34565,1,2
27800,3,1
7678,4,2
80699,3,2
76168,0,2
97406,4,2
37802,5,1
33965,4,2
30930,5,2
22131,1,2
84177,0,2
46607,1,0
15054,2,0
46553,4,2
43266,5,2
62481,5,1
39576,3,1
62170,1,0
44222,3,2
88617,4,2
75002,3,2
94158,3,1
49112,3,2
19102,3,1
74383,2,2
4504,5,1
92574,5,0
83255,2,0
29987,0,2
28635,1,1
39934,1,2
12725,2,2
26896,4,2
22461,0,2
60032,2,0
3261,3,0
36388,0,1
38641,2,1
13436,3,2
11148,2,1
32003,1,1
65634,4,2
59475,1,2
78905,3,2
34846,3,2
47149,2,0
23059,2,2
79156,3,2
2317,5,1
32217,5,2
14025,0,1
560,1,2
89763,1,2
18809,2,1
23026,3,2
2407,2,1
33758,4,1
13631,0,1
69376,1,2
71312,3,0
54278,2,2
74445,5,0
78607,3,2
282,0,2
52225,3,1
32596,1,2
53209,2,1
7885,0,0
51220,2,2
5538,3,1
47977,1,1
96428,2,1
38683,0,1
54780,4,2
51204,3,2
80193,2,1
94489,3,1
75553,2,2
22632,1,1
66500,0,2
93468,3,0
11977,2,0
19921,3,2
12694,2,1
92187,4,0
53386,3,2
59191,4,0
99433,2,1
42526,4,1
38441,1,2
30683,1,1
59941,1,1
1415,3,2
93612,3,1
22877,3,1
31862,4,1
31823,0,0
56739,4,2
76,1,1
18455,5,2
97387,3,1
70328,0,2
30097,0,1
68372,3,2
54352,5,0
10038,0,2
23935,2,1
66669,0,1
48250,4,1
81137,1,2
87613,3,1
23640,1,1
65873,0,2
40123,1,0
79092,3,0
94359,4,2
87701,1,2
336,1,2
73456,5,1
35985,2,1
66766,4,2
90665,3,1
39636,2,2
50478,2,1
38193,0,0
77457,2,2
84442,2,1
14646,5,2
4689,1,1
15874,4,2
87110,2,2
63099,4,0
24814,2,1
75424,4,1
21634,0,2
99254,5,0
750,5,0
66078,2,0
5160,5,2
8712,5,1
951,3,1
21021,0,0
6140,3,2
96480,1,1
71331,2,2
28870,2,2
18584,5,1
95906,3,0
56458,5,2
63895,2,2
47709,4,2
59010,5,2
41182,4,0
1894,4,1
80326,1,2
97495,4,2
18191,0,0
68654,2,2
1378,0,2
157,1,0
66457,0,1
98390,5,2
60666,3,1
33060,5,1
47162,0,0
28066,3,2
37161,5,0
84682,2,1
11907,0,1
36938,1,2
85876,3,2
4857,0,2
92943,0,2
79000,4,1
47193,0,1
25406,3,1
11831,3,1
60933,5,1
61171,5,2
52050,3,2
64337,2,0
34203,5,2
57237,2,1
18022,2,2
60894,4,0
1877,5,1
49423,3,0
83227,0,2
72088,3,1
38352,0,0
6976,4,2
74753,0,0
71165,2,1
37302,0,2
10943,4,1
16045,0,1
54235,2,0
97187,5,2
23277,4,1
7838,4,2
61566,5,2
51942,3,0
85212,5,2
26634,1,2
6506,3,2
73536,3,2
80974,2,2
94652,4,1
30082,4,1
46374,4,1
48966,2,0
26421,5,2
51274,0,2
37413,4,2
64998,4,2
25380,1,1
85369,1,2
85221,3,2
25658,4,1
5779,2,1
48120,4,1
10469,4,2
97280,2,0
57833,2,0
13921,3,2
59381,1,1
88187,1,1
82829,3,2
71070,5,2
17310,3,2
33993,3,1
12159,2,0
62990,1,2
17692,4,2
54623,4,2
86886,4,1
3547,0,2
68268,2,2
95259,3,2
93891,5,1
47722,4,1
55431,3,2
7497,2,1
80442,4,1
89742,4,2
58150,5,2
15377,1,2
28052,1,2
69207,4,0
28439,0,2
42385,1,1
86748,0,1
58779,3,2
91255,3,0
95679,3,0
21344,2,1
88830,1,1
57661,5,2
36820,3,1
55502,3,1
35233,5,0
17314,3,1
28348,4,2
33377,0,2
32511,0,1
44323,1,2
75860,5,0
27189,0,1
88626,0,2
22408,1,0
86596,1,1
75284,0,2
89515,1,1
68604,1,2
86369,4,2
16038,2,2
15731,5,2
54727,2,1
34394,5,2
11558,4,2
72815,4,2
77835,2,2
34541,2,2
19740,0,1
98146,2,1
4776,2,2
96217,5,2
22714,4,2
558,2,0
85465,0,1
52051,4,1
69632,1,0
19537,3,2
42577,1,2
66373,4,2
27556,4,2
59476,4,2
82010,2,2
2397,3,1
15253,5,2
50785,3,2
3024,2,2
70159,1,2
61990,1,0
86332,4,2
68396,0,1
45250,2,2
2912,0,1
67471,3,2
70088,2,2
1623,2,0
40959,4,1
55943,2,1
49270,0,2
33455,3,1
43325,5,1
85719,1,2
80960,3,1
73287,5,1
8801,0,1
17801,3,2
12304,3,1
50449,1,1
96786,0,2
26054,3,2
56239,0,2
81264,2,2
50442,4,1
96868,0,2
39204,2,1
29604,5,2
78031,3,2
66594,3,2
53458,3,1
414,3,2
59278,2,1
6829,4,2
88990,4,1
9895,4,2
24652,2,2
57131,3,2
57049,1,1
60831,2,2
53469,5,2
59802,2,1
59981,0,0
47407,5,1
10764,3,1
985,2,0
4088,2,2
80537,2,0
68803,5,2
14573,2,2
47733,3,2
78916,2,1
76999,0,2
59791,1,1
23331,3,2
35175,5,1
40331,4,0
5524,2,2
79407,1,1
87501,2,2
93702,3,2
37106,3,0
68986,0,2
64049,0,2
10939,2,2
48890,1,2
44176,2,1
38523,3,2
51904,3,1
74908,3,2
98087,1,2
54562,1,2
81467,3,2
98979,5,1
96109,4,2
24089,5,0
98093,2,2
7038,5,2
62676,4,0
87671,5,2
56306,0,2
91334,5,0
23239,4,2
30695,0,0
10700,4,2
44422,0,2
86701,1,0
52541,5,2
29827,0,2
63568,0,2
58556,0,2
43602,0,2
82288,2,1
93315,1,2
45324,4,2
44620,0,1
50509,5,1
30114,1,2
41744,5,2
26915,3,1
84034,3,2
88808,5,2
59971,3,2
67902,2,2
979,2,2
67155,4,0
51901,0,0
13966,4,1
99326,3,1
88248,0,2
5092,0,1
72187,0,1
27454,3,2
39076,1,2
95225,4,1
48827,4,1
10616,4,2
89490,4,2
72299,4,2
69940,4,2
72307,5,1
90222,3,2
70232,3,1
71647,3,2
28345,5,0
88781,5,1
72653,1,2
6167,4,2
79825,2,1
67299,2,1
89426,5,2
60770,4,0
5814,3,2
16056,5,2
21786,3,1
72566,1,1
14873,4,0
73543,2,2
55808,1,2
4435,2,2
41168,2,2
38911,1,0
19865,0,0
21400,2,2
81613,5,1
89997,1,2
9615,4,2
5237,0,0
53017,4,0
26146,3,0
29906,0,1
21423,5,2
2796,1,1
9043,5,1
27335,0,2
87074,3,2
5670,3,2
74988,4,0
43563,4,2
12852,3,2
63330,0,2
67017,2,1
79208,1,0
27032,3,1
15028,2,2
85072,4,2
31701,3,1
51608,2,1
79251,3,1
92409,2,1
47236,0,1
8,4,2
18479,3,0
54480,0,1
31631,0,2
26544,2,2
76473,2,0
83635,4,2
32691,2,2
87522,0,2
16755,0,2
60377,4,2
68561,3,2
1920,3,2
67638,1,1
72662,1,0
94271,2,0
70646,0,0
95384,1,1
2584,0,2
4532,5,1
89046,2,2
44245,1,2
51478,0,1
2038,5,2
82074,1,0
24954,0,2
85702,3,2
56508,4,0
24770,3,1
24553,0,2
92111,0,2
77244,3,2
1602,2,1
85839,1,2
24494,5,1
31640,4,2
71852,4,1
46449,5,2
86815,5,0
19854,5,2
22300,4,1
80111,0,0
6919,4,2
24280,0,0
67222,1,2
98686,2,1
12168,2,1
69592,1,1
91646,0,2
63203,4,2
83662,2,2
87434,4,2
59612,3,1
9306,3,2
70625,1,1
88742,2,1
8619,4,0
12360,3,0
32775,2,0
49559,4,1
62991,0,2
98071,4,2
56562,3,1
75599,4,2
93557,5,2
59706,4,1
17034,1,2
54566,5,1
16293,1,1
40000,1,1
99780,0,2
4883,4,0
74459,5,0
35926,2,1
82110,2,0
42107,3,2
96950,0,1
44960,1,1
71038,2,2
16758,2,1
69560,3,1
948,0,1
86655,0,1
24166,5,1
5417,4,1
37937,4,1
69634,4,2
51372,4,0
81006,0,2
64460,5,2
6666,3,1
76136,0,2
30426,0,2
81767,3,1
43156,4,2
65729,1,1
84059,0,2
83975,3,0
58062,0,1
56392,2,2
59047,1,0
78097,1,1
64724,4,2
25931,5,2
9823,4,1
30727,2,1
98785,5,1
18170,1,2
74501,4,2
90008,5,1
89587,2,2
95217,2,2
83027,2,1
55078,0,2
63311,4,1
73576,5,0
73838,4,1
68017,1,2
9335,5,2
12405,3,0
54081,4,1
6690,2,2
72692,1,2
8487,4,2
18673,5,2
92534,0,1
17251,4,0
48000,1,0
28080,1,2
21109,0,0
20268,0,0
26807,4,0
79153,4,1
59912,0,1
4580,1,2
66871,5,0
70812,3,2
56108,0,1
2937,5,2
52607,4,2
62381,5,1
54473,0,2
28912,2,1
49898,1,2
36979,1,1
3805,5,1
6229,3,2
41509,3,0
21186,4,1
47670,2,2
91027,3,1
68576,5,2
78567,3,0
59084,3,0
90476,2,1
46551,4,0
43675,3,2
23133,2,1
35204,0,2
24823,1,1
74042,4,0
25688,0,2
30231,1,0
18392,0,1
78943,2,2
3426,3,1
89319,2,1
99648,2,1
45076,2,0
98958,5,1
28846,4,2
32524,4,1
59336,1,2
23578,2,1
46816,5,0
12182,1,2
52794,3,1
14747,1,1
84691,5,2
34899,3,2
28979,5,1
77041,0,2
67337,4,1
19039,5,2
65352,4,0
78799,1,1
27761,1,1
77760,0,2
74480,1,2
61324,4,0
27188,0,0
67670,3,2
46590,1,2
51778,2,0
4999,5,2
29278,2,1
7429,0,1
19971,0,1
91489,2,0
65269,2,0
39792,3,1
92984,3,1
8833,5,1
84517,5,1
55097,4,0
21696,0,2
77080,2,2
67439,0,2
41905,4,0
64060,0,1
37513,1,0
26427,2,2
40557,2,2
48799,3,2
70331,3,2
70738,3,2
86632,2,1
64358,3,1
97281,1,1
95229,3,1
32197,0,2
2759,5,2
80074,2,2
58655,5,0
86805,2,2
83023,2,2
48187,3,1
18658,4,2
61414,4,1
57099,1,0
55017,1,0
96188,0,0
32661,5,1
87030,5,2
90873,5,1
83210,0,2
37746,2,2
80035,3,2
98384,3,1
37097,1,1
87040,3,2
59559,1,2
83471,2,1
60359,1,1
99831,1,2
89646,4,2
69136,0,2
99297,2,2
2868,0,0
18529,2,0
73374,4,2
35789,4,2
60588,4,2
99393,4,1
36299,1,1
37932,0,2
76694,5,1
90170,0,0
97918,1,2
99301,1,1
15154,5,2
40467,2,2
14318,3,1
65763,2,1
31634,3,2
28889,2,2
91959,5,0
12391,1,1
98528,0,1
43574,4,2
54417,2,0
9543,4,2
63149,0,2
69493,1,1
74200,2,2
34163,2,1
86127,2,1
64127,0,2
50291,3,2
11550,3,2
45518,3,2
96081,2,2
67347,1,1
95336,3,0
82440,1,1
92041,3,2
85383,1,0
72870,3,2
81870,2,1
30171,3,2
9273,3,2
99109,5,2
48346,1,1
59025,5,0
85695,4,1
77652,1,1
33410,4,2
77092,5,2
13097,0,2
90761,1,1
10658,5,0
54523,0,0
62679,1,1
54701,3,1
77882,2,2
21228,0,2
89225,4,2
81825,3,1
64842,3,2
68721,0,1
38829,3,2
63710,0,1
67669,1,1
52255,5,0
35483,5,2
51411,2,2
49527,1,0
92485,2,2
88117,0,1
40406,1,0
80381,5,2
47690,1,1
48238,3,2
27066,1,1
69349,5,1
78783,5,2
49109,5,2
39893,3,0
71666,2,2
8241,4,1
45362,1,2
41394,0,1
89193,0,0
18940,4,2
73278,2,2
42038,1,2
98512,3,1
20137,2,1
59470,2,1
50875,0,2
5128,2,2
25430,4,1
92736,4,1
50963,2,2
45800,2,2
74700,4,2
5672,3,2
10079,1,2
53306,2,2
80722,5,1
96520,0,2
66364,1,2
28535,5,2
38037,1,0
86047,1,0
94488,1,1
47375,1,0
17298,5,1
37783,4,2
61662,3,2
83802,5,2
63738,2,2
54286,2,2
48139,1,2
8212,4,0
41271,3,1
12754,2,0
82167,0,1
6691,0,2
56293,0,2
98651,1,1
19114,2,0
60706,1,2
86191,5,2
60986,1,0
69636,5,1
43790,4,1
68024,2,2
63323,1,2
34612,4,1
86263,5,2
18923,3,1
64395,3,2
75969,5,0
21727,1,1
79165,5,0
57331,3,2
67156,5,2
16916,5,1
41936,3,2
80860,2,0
5867,2,1
99244,1,2
7760,3,2
48943,0,1
71060,2,2
39972,2,2
50656,5,2
69057,0,1
3631,1,1
4078,2,0
18288,2,2
16157,5,1
83571,2,0
83895,1,2
31465,2,0
49618,2,0
67500,0,1
58307,5,2
48423,3,1
80914,4,1
80124,0,0
57976,4,1
39392,2,0
57147,0,0
44044,4,1
9417,2,1
22233,4,1
67434,3,2
22095,1,2
67798,3,2
52820,3,1
821,0,1
40065,2,2
29134,2,2
83103,3,1
26930,3,2
89113,2,2
34857,1,2
20269,1,1
41645,3,2
27862,4,2
45945,2,2
13209,2,0
36438,4,0
25457,5,1
90951,4,0
39814,1,2
74362,1,0
677,2,0
38827,5,2
79984,0,2
87640,0,2
29269,4,0
3785,3,1
30364,3,0
1874,0,2
33809,3,2
84030,0,2
58525,0,2
39704,2,0
70684,2,2
94584,3,1
14772,3,2
85243,0,0
81895,4,1
76011,0,1
44841,0,2
27998,2,2
39226,0,1
72350,4,2
3445,2,2
89989,3,1
29459,1,1
11357,3,1
51770,1,0
71511,0,2
56099,1,2
5835,1,1
16789,1,2
90074,5,2
75139,4,0
42987,4,1
22988,5,2
51983,2,2
36887,4,1
48999,2,1
56196,4,2
1557,5,2
69865,4,1
31271,4,2
61952,2,2
17939,5,0
63931,4,2
2144,2,1
79349,3,2
60102,1,2
36653,3,1
44902,0,1
73289,2,0
39432,4,2
22067,0,1
31550,4,2
1882,5,1
33732,2,2
43912,3,1
13381,1,2
71210,5,0
31025,3,2
33391,2,0
70784,5,1
35859,5,0
69695,4,2
10685,0,2
20188,3,2
45552,2,1
51349,5,1
92240,3,0
36777,1,2
60750,2,2
95572,4,2
11348,3,2
26983,2,2
3787,0,2
45671,2,1
78856,5,2
46669,5,2
69834,3,1
61973,1,2
24639,3,2
84780,3,1
4956,4,2
20732,3,2
95463,5,2
96767,1,2
70766,5,2
81036,3,1
93908,1,2
65089,3,0
2106,0,2
47821,5,2
83647,0,2
90589,2,2
8639,3,0
39133,0,2
58034,3,2
96714,1,1
61623,3,1
67423,5,2
30245,5,2
22349,0,2
23371,0,1
43365,3,0
92067,1,2
76934,0,1
42296,2,0
95849,5,1
97211,2,0
59176,0,2
14414,4,2
93918,2,2
29378,2,2
26580,5,2
19397,0,2
34219,4,1
41080,5,0
71154,0,1
45447,5,0
85732,5,2
20013,5,2
36353,0,2
33033,3,1
1666,2,1
20426,0,2
72099,3,1
33470,4,0
96535,0,1
78958,4,2
5748,1,1
32963,4,2
62788,2,2
90427,2,1
11613,4,2
80318,5,1
72735,1,1
48963,0,1
53222,1,2
36515,5,1
48871,1,2
90399,0,1
37454,0,1
21310,0,2
11435,0,1
78175,0,2
35289,2,2
18680,0,1
68221,5,2
51312,1,2
35527,5,1
89756,1,1
65452,3,1
13086,5,2
45123,3,2
51864,1,1
65929,3,2
84498,4,1
26070,2,2
75399,4,2
48662,4,1
74886,1,2
66001,3,1
2405,2,2
16347,2,0
76851,2,2
74281,5,0
52319,4,2
96571,1,1
26122,4,2
43672,4,2
47953,5,1
12091,3,2
22808,2,0
75154,5,2
90862,0,1
94668,2,2
63379,3,1
79484,5,1
83083,5,2
50468,4,1
43184,1,2
28143,5,1
90922,2,1
56086,4,1
95680,4,1
6108,3,1
69305,3,2
1781,2,1
69033,0,2
41708,5,2
62955,1,1
90020,0,2
58487,0,2
72054,3,0
64911,0,1
15602,3,2
39296,0,2
27920,2,2
24137,4,1
52102,3,0
11971,1,2
38399,3,1
13460,5,1
42115,1,1
59434,1,2
67491,0,0
13266,1,0
84807,5,1
54085,1,2
10925,2,2
59858,2,2
43180,3,2
46533,4,1
68765,0,1
77479,4,1
6902,0,0
39265,0,2
83463,4,2
48658,3,1
67661,5,0
3243,5,1
20686,2,2
11140,1,2
51987,2,0
31412,3,0
40276,3,1
90655,3,1
83475,0,2
44285,5,2
40109,0,0
45385,5,2
91819,2,1
93019,2,2
63707,3,0
10844,0,2
43123,2,1
94225,3,2
74556,3,2
67555,0,1
54960,2,1
4063,4,1
20242,3,1
84632,3,2
18990,1,0
38163,4,2
47161,5,2
27118,2,2
81421,0,1
86109,3,2
79971,4,1
14388,4,1
38782,3,2
84809,1,1
34837,0,1
82834,3,2
64301,5,1
15175,1,0
45827,3,1
41310,1,2
42592,4,2
28180,0,2
56674,0,0
66954,3,2
85820,0,1
43213,2,1
95189,0,0
34523,0,2
90636,2,2
65905,4,0
74689,5,0
70233,2,2
93471,4,1
43940,5,1
77423,2,2
71211,4,2
1714,5,2
49729,1,0
96869,2,2
96929,1,2
77855,4,2
79064,2,0
24876,5,1
44086,5,2
43878,0,1
19432,1,2
88746,5,2
73180,0,1
29091,2,1
68410,4,2
14509,2,2
76710,1,1
50697,0,2
54080,4,0
81297,5,0
87163,3,2
22441,2,1
57138,1,1
27539,0,0
13517,3,2
38447,2,1
18287,5,2
46299,1,2
40698,5,2
13376,3,0
90944,0,1
47660,3,2
38807,1,1
63184,3,1
22271,4,0
58058,2,2
17625,5,2
42078,5,1
62589,1,2
52049,0,0
9781,1,2
78854,5,1
35923,4,2
55758,3,2
92793,3,2
84869,3,1
52216,1,2
13211,4,2
65402,0,1
51553,2,1
45570,4,0
43750,1,2
83203,0,2
4155,1,0
15747,0,2
25376,3,2
13774,2,2
27637,0,0
99875,0,1
75445,5,2
52883,5,0
29754,0,2
75408,2,1
74673,2,0
31881,2,0
51020,1,0
50322,2,1
24270,4,1
34892,5,2
72858,3,2
6771,5,2
17937,5,2
14678,4,2
82879,5,2
3061,1,2
15183,1,2
15306,4,0
16522,5,2
57508,3,2
22971,1,2
11789,3,1
45616,0,2
77551,1,2
70113,3,2
16150,3,2
66360,0,2
97787,5,0
65753,3,2
72654,4,0
14213,4,2
6260,1,0
48319,0,1
7098,2,1
91292,1,1
87246,0,0
67981,5,2
99657,1,2
40675,4,2
74185,3,2
35451,1,2
86543,2,1
43102,5,2
5883,1,1
77693,3,2
54579,3,1
56713,4,1
74179,0,2
26677,5,1
85317,0,2
67815,4,1
75272,4,2
81060,5,0
93941,1,2
2216,0,2
27123,2,2
85034,2,1
47314,3,2
26777,2,2
90834,2,0
33602,4,2
17943,4,0
84039,1,1
64559,2,2
93409,0,2
15722,2,2
71875,5,2
64884,2,2
47461,4,1
13920,4,2
85016,2,2
40428,3,2
40384,5,2
53038,0,2
82466,4,0
13586,2,1
98771,1,2
80026,0,2
90730,3,1
76406,3,1
99885,3,2
40211,1,2
76900,3,1
13125,5,1
400,1,2
6059,5,1
40547,2,2
34829,4,1
62333,3,2
87844,1,1
50936,2,2
25366,3,2
85085,4,2
50260,3,2
24829,5,0
70997,1,0
59627,4,2
58780,2,0
52741,2,2
94769,3,2
41221,1,0
99153,0,1
82785,0,1
52365,2,1
43837,5,1
94819,0,1
42114,2,1
80229,1,2
99268,2,2
53320,4,2
18050,2,1
19708,1,0
29517,3,2
58337,3,1
87771,3,1
87558,1,2
99938,2,2
35279,1,2
40242,4,1
95488,4,1
23875,5,1
72343,3,1
3607,3,2
97316,5,2
68769,5,2
32498,2,0
19850,3,2
68134,1,2
52537,4,1
18490,1,2
6654,2,2
98896,4,1
55564,4,0
94199,5,0
57148,1,2
84221,0,2
34887,4,0
79624,0,2
84125,3,1
91323,0,1
65574,0,1
8457,5,1
37471,3,1
78309,1,2
80397,0,2
64947,1,0
86841,0,2
25209,3,2
79676,1,2
98644,1,2
52320,3,2
22731,1,0
85738,2,1
88009,0,0
13702,3,1
56939,0,1
14707,5,2
21284,5,2
45710,0,2
55728,0,1
22204,2,0
86273,1,2
95631,2,2
2057,1,2
45192,0,2
41192,0,2
16949,4,1
19874,1,1
75324,2,2
38565,2,1
16768,2,1
34142,1,1
64917,2,2
6942,2,2
41292,3,1
63269,0,1
79965,4,2
97932,0,2
91676,2,1
2587,0,1
35595,1,1
83124,3,2
12924,4,1
27259,1,1
16118,3,1
36009,0,0
36693,4,2
16461,5,2
7389,5,2
8121,2,0
63076,1,0
22804,0,2
99847,3,1
35671,1,2
35857,3,2
53082,2,0
75478,5,0
66055,1,0
50458,4,2
38483,5,2
11331,1,1
89674,1,2
1283,0,0
17123,1,1
38428,4,0
72126,0,0
61588,0,2
2675,0,0
51973,2,1
36780,4,0
77378,5,2
91692,5,2
28484,2,1
31721,0,1
83991,1,2
89787,3,2
7842,0,2
70439,0,1
31191,3,2
67171,0,1
61426,1,2
88827,5,2
99900,1,1
75148,1,2
67984,1,2
91964,3,2
23708,3,0
68848,1,2
4701,2,0
23771,2,2
82476,1,1
49860,2,2
59274,3,1
38354,4,1
23353,5,2
55166,3,2
7560,3,1
7971,3,2
87907,2,2
3194,2,2
44565,1,2
99952,1,2
64360,2,1
15092,0,2
4117,3,1
77261,1,2
25220,3,1
42130,0,2
96839,2,1
787,0,1
11723,3,1
7413,4,1
52082,4,2
96787,5,2
94658,1,2
68219,4,2
81971,1,2
6708,4,0
80719,1,2
13584,4,1
338,2,2
56385,0,2
75299,5,0
39666,4,2
23252,1,2
3841,4,2
5251,3,1
42069,0,2
35559,2,2
92837,3,2
20140,4,2
56189,0,2
29536,5,2
12722,2,0
35321,5,2
88598,1,1
56933,1,1
41261,3,2
44638,4,2
18437,0,1
80323,1,2
79529,1,0
2814,5,0
36346,5,1
1981,3,2
96200,2,2
90328,0,2
90723,4,1
8036,0,1
673,2,2
77167,5,2
14744,4,2
96152,2,2
97122,0,1
60038,2,1
90439,0,1
96501,1,0
86895,2,2
10893,5,1
95274,5,1
43487,3,1
81986,1,0
95805,1,1
938,5,1
93745,0,2
99945,1,2
81732,2,2
67600,2,2
38638,0,2
64052,3,1
71838,3,2
73909,4,1
32244,3,2
75946,5,2
60001,1,2
29937,2,1
23175,1,1
24942,1,1
54336,4,2
71292,3,1
15272,4,2
96838,3,2
87955,2,1
76289,1,1
55050,0,1
61214,1,1
97505,1,2
70228,1,2
59680,4,0
73708,3,2
94520,5,2
37887,3,1
97944,4,1
93782,3,2
42133,0,2
16933,3,2
14857,0,2
14157,3,1
3242,4,2
58831,5,2
43163,1,1
59106,5,2
7023,3,2
22200,5,0
5804,1,1
67430,2,2
90925,3,1
86976,4,1
45633,4,2
83331,3,2
27536,3,2
38948,3,2
21513,0,2
90114,0,1
18935,1,2
91329,4,0
92327,3,0
94291,4,1
57488,3,1
58945,2,1
40649,5,1
42023,5,2
21509,3,0
23143,3,2
53715,2,2
35319,0,2
29174,2,2
8864,5,2
92920,4,2
94835,3,0
39148,4,1
1775,2,1
32893,5,1
40798,5,2
31226,3,1
46384,4,2
4496,2,2
24205,5,2
41596,5,1
64769,1,2
22355,3,2
15101,1,0
72095,2,1
18405,0,2
18286,4,2
15999,5,1
26685,3,1
60523,2,1
47255,0,0
46402,0,2
57851,0,1
48552,0,0
32230,0,1
59720,5,0
88933,0,2
84727,3,0
69575,5,2
60773,3,2
59017,4,1
75796,1,1
30070,1,1
16253,2,2
46393,1,1
43558,5,2
75454,1,2
59855,1,0
77311,1,1
26958,1,2
39153,0,0
79577,3,1
94967,3,2
60619,4,0
16668,3,2
34238,1,1
60791,4,1
3046,5,1
48294,4,2
74666,3,1
49125,0,2
70315,3,2
13004,2,0
97109,2,2
77157,4,2
7891,1,2
62111,2,2
95278,1,0
97155,2,1
75056,3,1
43404,1,1
89483,3,1
30311,1,1
4581,0,1
12459,1,2
63510,4,1
9446,4,1
86043,5,1
33349,5,1
98700,0,0
2093,5,1
82767,0,0
90839,4,1
90306,3,2
25263,4,2
23115,4,2
9689,1,2
70459,5,0
34361,5,2
66198,4,0
46957,4,2
94334,5,1
12670,3,0
45782,2,2
16675,2,2
76173,1,1
69498,0,2
49486,3,2
72940,5,0
55151,2,0
83931,5,0
79173,5,2
74566,0,1
25375,0,1
41300,3,1
34388,4,0
39481,2,2
96812,3,1
90054,2,2
22413,4,2
6993,2,1
75190,3,1
471,4,0
72800,0,0
67977,0,1
24391,0,2
79481,3,2
89251,5,1
81069,1,2
53332,4,1
24864,2,0
37017,2,0
10363,3,0
18444,1,2
35165,5,1
27148,2,1
25873,4,2
33960,2,2
16376,3,1
69603,5,2
2196,4,1
23590,3,2
50671,0,2
39615,0,1
74872,3,2
16512,2,2
55419,0,0
29480,0,0
85785,5,2
72986,1,1
24706,0,2
75791,1,2
92579,5,2
66282,3,0
15857,4,2
40355,5,0
26837,2,2
52326,3,2
35405,4,2
83266,1,1
23981,2,2
61908,3,2
1618,0,1
8854,5,1
83990,2,1
40583,5,2
48121,3,2
91223,5,2
40475,1,0
1824,4,2
39375,5,2
49003,0,2
75574,2,2
68501,2,0
74957,0,2
98241,0,2
76469,2,2
93865,1,2
98343,0,2
15472,0,0
14183,2,2
31387,0,2
58571,4,2
4756,1,0
1536,2,0
74725,4,1
87265,4,2
92163,4,0
78452,3,2
66182,5,1
31792,1,0
10221,4,2
21521,1,2
44400,4,2
57225,0,2
98647,0,1
87390,2,2
53026,5,1
49547,3,2
22239,4,0
19391,5,1
16749,5,1
93709,5,2
479,5,2
57070,2,2
56980,0,0
84731,2,0
25620,2,1
40348,2,1
75609,4,0
85162,1,1
92838,5,1
96883,1,1
99357,5,1
66939,0,1
54817,4,0
14617,0,2
96098,5,2
39585,4,2
15740,5,2
43389,0,0
27785,3,2
60129,1,2
40908,2,1
46565,3,0
69474,1,1
2112,0,2
32411,4,1
69296,0,1
75872,4,2
25383,4,0
1471,2,1
56014,0,2
59285,1,0
9741,2,2
65073,1,1
17440,3,1
6165,0,1
71073,1,2
95202,1,1
90572,3,2
81719,1,1
44594,1,2
57038,0,2
31785,3,1
45370,2,1
29729,5,0
27765,1,2
14252,5,2
74382,2,2
52721,3,0
93934,4,2
38927,3,2
40982,1,0
26787,2,1
59784,1,2
29974,5,2
69882,1,2
76704,0,2
41829,0,2
76576,4,1
39517,0,2
42727,4,2
90182,1,2
11458,2,2
83493,0,2
83280,4,1
41487,5,2
23498,3,2
7475,5,0
94009,2,0
34484,4,2
88331,4,2
90534,3,1
18245,0,0
55638,5,1
63974,4,2
3499,0,0
3103,3,1
90044,3,2
34649,3,0
56546,4,2
86984,0,2
35076,5,2
70715,2,1
79501,0,1
79974,3,2
20904,1,2
74847,3,0
86786,0,0
93866,5,1
52873,0,1
62619,2,0
8091,3,1
73152,2,1
78663,2,2
93751,5,1
73117,3,2
18157,4,2
12162,0,1
82063,1,1
2982,4,1
29612,5,2
79856,5,1
26411,5,2
88164,1,1
85222,5,2
92836,1,1
82664,4,1
96676,3,1
24295,2,0
53503,1,1
81866,4,2
5259,5,2
60421,0,2
72525,0,2
84168,1,2
54643,5,1
26746,1,2
50821,5,0
16912,0,1
6978,4,2
35395,4,2
13446,2,1
10957,3,1
75181,1,1
80188,0,0
87758,1,2
54985,2,2
41219,3,1
98567,5,1
48282,0,2
37178,1,1
25965,0,0
84733,3,2
91270,5,0
86954,2,2
63135,2,2
20405,0,0
14451,5,0
42794,3,1
68002,3,2
97348,5,1
91417,1,2
10479,3,0
47188,2,2
33599,4,1
83783,4,2
54299,3,0
46844,5,2
71818,5,2
82084,4,0
26589,2,1
64968,5,0
83872,3,2
46720,3,1
55013,2,2
93380,4,2
70534,2,1
6448,4,1
26142,5,1
92744,0,2
10284,3,2
46805,4,1
96322,4,1
68095,3,2
53044,5,2
35837,5,2
71371,4,2
82137,2,2
90324,1,1
88083,5,2
59178,2,2
30613,0,0
6355,5,1
85131,1,2
37419,0,2
48632,0,1
16394,4,0
22402,3,0
19075,1,0
45013,0,2
40395,0,2
61441,3,1
94146,4,2
61737,5,2
7426,3,2
49510,4,2
24837,5,2
45573,3,1
34928,2,1
1340,1,0
50584,4,2
37787,4,2
67149,1,2
63897,4,2
83111,1,2
48117,4,2
1125,1,0
62773,0,0
51111,1,1
87242,1,2
7582,3,2
18144,0,1
95046,4,0
1936,5,2
70209,5,1
48406,0,2
52828,3,2
70035,0,1
14503,1,2
97126,4,1
46080,2,1
15730,5,2
56887,3,1
55970,5,2
69052,5,2
61264,1,2
73138,1,0
28630,2,2
56145,2,2
2225,4,2
41383,0,1
71281,5,0
76435,3,1
84586,2,2
59561,5,1
92521,2,2
12827,5,0
77194,3,2
65378,2,2
25494,1,2
40016,2,1
50545,4,2
6754,3,0
32686,5,1
32634,3,0
93362,5,2
56436,4,1
34285,4,1
31728,2,2
24243,4,0
25676,0,2
93642,0,2
63175,5,1
89738,1,1
15791,5,0
48936,4,1
41796,0,2
6749,0,1
15644,3,1
75244,1,1
34297,4,0
81383,1,2
85854,5,1
33775,4,2
45339,2,2
21208,4,2
25915,1,1
81211,4,2
43987,2,1
3798,2,2
69535,3,0
70524,0,2
20946,1,2
40147,5,2
17787,5,2
79473,2,1
48701,1,1
41059,5,2
67673,2,2
5350,3,0
86439,2,1
43733,0,2
69959,0,1
31567,2,1
73300,2,1
32367,3,1
98028,1,1
87856,1,1
97346,0,1
29595,1,1
76038,1,1
7257,3,1
45728,5,2
54174,3,2
16777,4,2
2179,3,0
625,3,2
60406,0,2
39584,1,2
33030,4,2
24666,5,2
54580,4,2
95688,5,2
87767,0,2
97539,0,0
87149,2,1
10949,2,1
66213,3,1
52055,0,2
47767,4,2
59896,5,0
54312,5,2
78622,5,2
81270,2,1
61039,0,1
94950,0,1
13907,3,2
69682,1,1
22123,4,2
76264,2,0
49765,5,2
59492,0,2
83165,2,2
50804,1,1
91671,2,0
84353,4,2
87116,0,2
13288,0,0
12302,2,2
63770,1,0
85248,2,2
65582,1,1
80020,4,1
52189,4,2
58804,0,2
23253,0,1
20517,1,0
50758,5,2
92229,4,2
15236,0,2
14191,4,2
94502,5,2
16981,2,0
69280,3,2
45545,4,2
39730,3,0
23748,1,1
85920,2,2
64142,3,2
45143,1,1
90691,1,0
22234,4,2
97207,1,2
81457,3,2
29770,0,1
70877,2,2
4924,2,2
12701,2,2
82027,0,0
99277,5,2
49978,3,2
5886,2,2
90257,5,2
20671,1,0
23222,4,2
34927,3,2
24539,4,2
87655,3,0
4742,2,0
38220,3,2
95566,4,1
29563,0,2
264,3,1
13237,0,0
86237,4,0
47208,5,1
28329,5,2
48449,1,0
30724,0,2
3901,0,2
70899,0,2
56254,3,1
87848,5,2
90460,0,1
14768,3,2
36762,1,2
32435,5,2
42108,5,2
17276,5,2
6385,1,1
34741,3,2
34441,1,0
70694,1,2
44420,3,2
70460,3,2
19197,1,2
27134,5,2
58697,5,2
73638,0,2
8243,0,2
24934,4,2
67616,4,2
39645,2,2
41934,5,1
92038,5,1
23774,3,1
76880,4,2
36005,1,2
24988,4,2
75554,3,1
57035,2,2
71483,3,2
75403,2,2
19979,2,0
87128,3,2
51947,2,0
5909,5,1
96225,4,2
78073,4,1
23696,1,2
10707,4,2
47881,4,2
63145,5,2
27904,4,2
11952,4,1
48885,3,1
873,5,2
65099,0,1
89298,4,1
9327,5,1
42255,0,1
96803,2,2
57461,0,1
78095,2,1
58764,1,2
12156,2,1
30602,0,2
49230,1,1
95074,1,2
6953,2,2
33513,0,2
46392,4,1
28358,1,0
31408,2,2
30046,5,2
4915,0,1
78549,5,0
89547,4,0
3191,1,2
61986,1,2
99668,4,0
71491,4,2
11262,5,0
59664,2,1
5310,2,2
31075,4,2
13214,4,2
6622,0,2
83071,0,1
89489,0,2
64818,3,1
7189,1,1
64634,4,1
40699,1,2
73448,3,1
21001,2,0
94044,2,2
97588,0,1
13177,0,2
94002,2,2
32977,2,1
46317,4,2
73234,3,2
4353,5,1
21529,4,0
22868,1,2
92765,2,2
17212,1,1
27783,3,2
84225,4,0
92567,1,1
44952,3,2
9994,0,2
42480,4,2
85260,1,2
32507,0,1
64629,0,0
41393,4,1
12045,4,2
21418,2,2
42481,3,2
30291,3,2
70106,1,1
10404,2,0
92603,2,0
5269,4,0
22351,1,2
30560,4,1
73030,0,2
57454,3,1
53648,3,2
14225,3,2
52661,2,2
46227,5,2
70248,3,2
93323,3,2
77515,1,2
307,2,1
34217,4,2
11589,0,2
97011,2,2
26703,0,1
77199,3,2
42364,0,2
5157,0,1
8925,4,1
13726,4,2
39328,3,2
72663,1,2
23607,1,2
75395,2,2
52469,1,2
26832,2,0
56201,4,2
44948,1,1
82639,0,2
41070,1,1
26036,4,1
80628,2,2
1352,1,2
63485,0,2
40985,4,0
27142,1,1
45271,3,2
72161,3,2
92120,0,0
12051,3,1
18366,4,2
71659,5,2
98837,5,2
66659,2,1
20520,4,2
34360,4,1
76424,4,2
3473,0,2
9185,5,2
1016,3,2
9536,1,2
75520,0,2
99793,0,2
15133,0,2
87632,5,2
94211,5,0
31841,5,2
14137,4,2
56759,1,2
27106,3,1
24437,5,2
48200,0,1
29334,1,1
52918,2,2
75061,1,2
49344,3,2
62377,4,0
25746,1,1
97905,3,1
59846,0,2
17040,1,1
397,4,2
61845,1,1
24522,4,1
20962,1,2
3870,3,0
66559,3,2
52239,1,2
88091,3,0
17932,3,2
65429,2,2
85795,0,1
90601,4,1
14029,4,1
15303,3,2
19524,1,2
35735,4,2
9068,5,2
98754,3,2
58152,1,1
59447,5,2
66210,2,2
8541,1,2
34767,3,2
50104,5,1
98607,2,1
51711,3,2
10490,1,2
2515,1,2
69389,1,2
86172,3,2
23808,5,2
95627,1,2
44678,4,2
28233,0,2
73000,4,2
67658,3,2
53988,0,2
39572,2,1
38329,1,2
18668,4,0
48958,2,2
35128,4,1
48486,2,2
15990,3,0
36439,1,2
63901,2,1
42936,5,2
13719,3,1
82941,3,2
49622,2,2
88880,3,2
80257,1,2
70611,2,1
73605,1,2
13296,1,1
62682,2,1
4154,2,2
62491,3,2
85153,0,2
22871,0,2
3565,1,1
31596,5,1
54255,1,0
40782,5,1
1802,0,2
54302,5,1
62960,3,1
17012,3,2
97326,1,1
17302,1,2
20119,2,2
78978,0,1
20934,4,2
35665,4,0
60070,1,0
80091,4,2
47344,0,0
29505,2,2
60627,3,1
65517,2,2
50919,3,1
63147,0,2
53540,4,2
52354,5,0
43635,4,1
57087,5,2
78396,5,1
10870,0,1
53139,1,1
62636,2,2
71508,0,1
29119,1,2
26184,4,2
58850,2,1
60845,0,1
93368,2,2
7437,2,2
57996,2,1
81534,5,2
65022,2,1
56519,4,2
61103,1,1
54252,0,1
45401,4,0
9438,1,2
14334,2,0
68005,0,1
73517,2,1
40767,3,2
24294,3,1
11099,4,2
84332,0,2
11267,4,1
46883,2,2
66914,5,2
359,4,2
29953,3,2
35408,2,2
37079,0,1
15985,2,2
87800,3,1
74040,2,1
92209,2,1
55325,2,1
80224,2,2
67345,5,1
15648,0,2
38758,3,2
6897,4,2
40535,0,0
74924,4,2
88190,0,1
7393,2,0
23897,2,0
19857,3,2
44440,2,0
92151,5,2
79693,2,0
58171,2,1
83459,3,0
15386,2,2
22260,1,1
51762,1,2
97861,4,2
24090,2,0
24792,5,2
78080,3,0
44980,1,2
38584,1,2
79959,2,2
69289,2,2
48549,3,2
32928,0,2
90186,4,0
83118,1,1
66699,2,1
38332,1,2
63914,0,1
77469,2,2
64597,0,2
34669,4,2
14291,5,1
14679,4,1
83560,1,1
25963,2,2
82216,5,2
46411,4,2
20092,0,2
30010,3,2
28658,4,2
82862,3,1
48209,0,0
7083,4,2
35743,0,1
89285,5,1
15596,2,2
85087,3,1
58564,4,2
14011,2,2
84424,4,2
14466,2,1
57334,2,2
57964,2,2
26551,1,2
46841,1,2
12400,0,2
51245,5,0
57436,1,2
45538,3,1
39516,5,0
34102,1,1
97352,3,0
94307,3,2
18374,0,1
63583,5,2
43165,0,1
55135,1,2
98956,0,1
57506,1,2
68939,1,1
74849,2,2
50306,5,2
61268,1,1
8922,4,1
6255,2,1
11340,3,2
24711,1,1
38761,3,2
42937,5,2
54134,0,1
63192,4,2
14458,0,0
7177,1,2
66829,5,0
62469,4,0
78497,4,0
26564,3,2
308,5,2
13063,3,2
9356,4,1
4945,2,1
5483,3,2
29200,5,2
80273,1,0
43243,5,1
47282,4,0
23755,3,2
98076,4,1
83370,2,0
97409,0,1
74401,2,2
82252,0,1
41828,1,1
94491,5,2
36378,2,2
93241,1,1
29049,5,2
29928,3,2
51479,1,1
61569,2,2
7604,1,1
48437,5,2
52061,2,0
62125,5,0
32897,2,1
91596,0,2
24675,3,2
38124,0,2
15535,4,1
32853,4,1
86824,5,0
74194,2,2
64082,1,1
4191,1,1
35780,0,2
10682,3,1
21327,0,2
17198,0,1
53212,2,2
77228,1,1
81714,2,1
34479,3,1
67179,5,2
85421,5,1
51611,2,2
84992,4,2
51317,1,2
68502,3,1
92275,4,2
54916,2,1
44179,2,2
52844,5,2
82710,4,1
1382,2,2
48811,1,2
80956,3,2
39966,3,2
87081,2,2
98631,2,0
84325,3,2
89876,0,1
19528,5,1
54265,2,0
77706,3,2
66087,4,0
49708,3,2
93337,2,2
87441,5,1
44851,1,2
97893,0,0
35723,2,2
63213,5,1
75598,4,1
44849,4,1
93273,4,2
82782,2,2
254,3,1
32477,0,1
24344,3,1
64695,5,1
14399,0,1
43835,1,0
87430,0,2
76777,5,2
34405,1,2
9498,2,0
19360,5,1
6521,2,2
28653,4,2
70406,4,0
41452,4,2
934,4,2
58431,2,1
47743,0,2
20534,5,2
62485,2,2
33524,0,1
93526,0,2
84566,2,2
33079,5,2
70979,2,2
37069,2,0
41195,5,2
91803,4,2
84917,5,2
13994,2,2
66621,0,2
70278,2,0
68420,4,1
70219,4,1
76701,4,1
83039,4,2
29423,0,0
8462,0,0
61475,5,2
35512,5,1
17506,0,2
55750,3,0
70733,1,1
12847,3,2
20640,2,2
26076,3,1
23941,5,2
3812,5,2
44878,0,2
32260,4,2
89346,3,0
57021,3,2
79115,4,1
25264,2,0
20837,4,0
48137,1,1
79276,4,2
11824,5,1
54629,1,1
84068,4,1
26090,4,2
89453,4,1
95743,0,2
22384,2,2
4152,2,1
60753,1,0
2805,4,1
36459,5,2
30984,3,0
66744,4,2
43730,0,2
50816,4,2
69443,5,1
38904,3,2
31520,1,2
62454,3,1
15734,5,0
4292,1,1
52866,5,1
77414,3,2
25271,3,1
45867,4,0
29288,5,2
68256,2,0
55267,3,1
96,1,1
64407,4,2
99745,4,2
19891,5,0
24482,0,1
2536,5,1
59371,5,2
50966,3,1
9903,3,2
92865,3,2
28638,0,2
64918,3,2
72274,3,2
4242,3,2
81574,1,2
8756,1,2
64148,1,1
40315,3,1
46627,3,2
68530,3,0
10853,0,2
49372,2,2
97375,1,1
40812,5,2
74882,0,2
82470,3,2
5177,1,2
94256,2,1
59266,1,0
99079,4,1
63522,2,2
81781,2,2
80794,1,2
70648,3,2
85286,3,0
53366,5,2
16067,1,2
65885,0,0
73063,2,2
23634,0,1
30100,2,2
52325,2,1
30419,0,2
58528,2,2
11323,1,2
21680,1,2
95736,2,0
14266,3,1
27319,2,1
92350,1,0
94859,1,1
13056,5,0
32544,0,1
92482,5,0
87488,0,2
44954,5,0
53650,4,2
31621,3,2
20481,2,2
25005,0,1
88246,0,2
84892,3,2
94042,4,1
49568,2,1
75264,2,1
49327,3,1
61179,3,2
24950,2,2
77300,2,2
28093,5,2
44943,4,1
56422,2,2
83826,1,2
90338,0,1
12290,3,2
61188,3,1
85504,4,2
11222,2,0
87132,2,2
78465,5,2
70765,0,1
63256,1,2
23412,0,2
90653,3,1
42908,5,2
55647,5,2
95809,5,2
60434,4,1
31252,1,2
77989,3,1
80160,1,2
7293,0,2
92009,2,1
29750,4,2
88004,0,2
42614,1,2
56795,0,2
77288,3,2
95329,1,1
15060,1,1
85201,5,1
13502,3,2
85626,3,0
49803,5,2
93664,0,2
69112,0,2
31448,1,1
41002,1,2
266,4,1
74168,1,2
33342,4,2
50416,0,2
73188,2,0
77842,4,2
7040,2,2
32682,2,0
55651,5,0
76904,5,2
11706,0,0
65627,1,2
35350,1,2
17255,2,0
69804,3,1
7577,5,0
62924,2,2
72234,3,2
16077,0,2
34848,2,1
58311,0,2
55628,0,1
47411,0,2
30674,2,2
91741,2,1
57283,0,0
50361,0,2
21841,0,2
35572,0,2
70351,0,2
5061,2,2
36632,2,2
21714,2,2
51627,5,2
42029,2,2
79303,0,2
23407,5,2
21354,1,2
35111,5,2
89000,5,2
72494,0,1
78792,0,2
66148,4,2
28530,1,2
50180,0,1
4428,3,1
58396,1,1
75858,3,1
83982,1,2
30679,1,2
76609,2,2
90755,3,1
79468,1,1
2160,0,1
65357,4,1
12607,3,1
19321,5,2
20014,0,0
54413,0,0
4975,4,2
44122,2,1
93144,2,2
52585,1,1
82571,5,1
8607,1,1
12671,1,1
5757,5,2
63055,4,2
48815,2,0
96533,1,1
53707,0,1
19795,4,1
10706,4,1
12409,0,2
49826,1,1
32313,3,2
15510,5,2
61734,2,1
49012,4,2
2542,1,2
99532,2,2
36212,4,2
65060,1,2
40213,3,2
73544,0,2
33206,0,0
9581,3,1
74819,4,1
72085,2,2
63332,3,0
82771,4,2
38744,1,0
17371,0,1
37149,0,2
85588,2,0
99206,4,1
73546,3,1
93064,5,1
40630,2,1
9396,0,1
11445,0,1
88901,3,0
22732,2,2
79566,0,0
86627,5,2
92646,0,1
96156,4,2
58165,2,1
57796,4,2
62865,3,1
39241,2,2
23245,4,2
44530,4,2
93522,4,2
29415,3,1
40364,2,1
7629,1,2
73756,5,2
5605,0,0
1229,4,1
7251,0,1
29324,0,2
27980,2,1
78928,2,1
26369,1,2
34151,2,1
31463,0,2
48263,0,2
14268,5,1
52157,2,0
52209,0,2
56426,4,2
27805,2,2
31645,5,2
63861,5,2
68922,4,2
35420,2,2
15887,2,2
46893,4,0
51304,4,1
47559,3,0
72670,3,0
18456,5,1
92355,3,2
69197,0,1
46253,2,0
16211,3,1
9805,0,0
24105,2,2
5720,5,2
75974,4,2
81186,3,0
20907,4,1
53037,2,2
9466,0,2
73263,3,2
98704,5,1
70502,2,0
92424,0,1
42848,4,1
24873,3,1
93219,1,2
17029,5,1
55954,0,0
24153,3,2
907,0,0
19720,3,2
43034,0,1
85962,5,2
15632,0,2
60294,4,2
29489,0,2
12107,4,2
77558,5,2
58323,2,2
6404,4,0
9676,4,2
7596,3,1
40816,1,0
27891,3,2
31913,0,1
12233,2,0
76644,4,2
92648,1,0
82570,1,0
91210,0,2
28515,4,1
3646,2,2
75173,4,0
16527,5,1
93499,5,1
43492,0,2
60492,3,1
75538,0,0
75310,5,1
2377,2,2
31409,4,2
34956,4,2
75870,2,2
11083,2,2
57795,2,2
22009,4,2
86695,3,1
17260,0,2
77251,5,1
88218,4,2
20698,4,1
40386,4,2
52369,2,2
39695,4,1
74196,5,0
30855,3,2
5008,2,2
51722,5,1
91990,3,2
50495,3,2
64932,5,2
83590,2,0
52000,5,2
75665,1,2
68509,1,2
522,2,2
38140,1,1
36696,2,0
2758,3,1
25331,3,0
79891,5,0
54635,0,2
66904,3,2
57685,2,1
41889,3,2
79903,1,2
91589,4,2
23269,3,1
91948,3,2
95969,2,1
12234,5,2
76855,3,2
77778,3,0
62301,1,1
49698,3,0
72819,1,1
95726,2,1
97426,3,2
62751,1,2
59403,4,2
82353,1,2
74095,1,1
95304,1,2
64023,5,0
89769,2,1
4718,5,2
82023,4,1
39060,1,0
80872,1,2
58759,4,1
85672,5,0
17567,3,2
36457,4,2
37562,0,1
69058,3,2
78393,2,1
34182,0,2
85775,1,1
18575,0,1
44928,4,1
70698,3,1
36922,0,1
99803,3,0
76555,4,2
59946,2,0
70867,3,2
25272,4,1
77420,1,1
4098,2,1
71472,1,0
95998,1,2
15436,0,1
72149,5,2
9634,0,1
69240,5,1
90532,5,1
37189,0,2
69313,2,2
2402,4,0
80870,2,2
64056,1,2
60270,1,1
69173,2,1
14972,1,2
85154,4,1
29383,5,2
20034,1,2
55620,2,1
1187,4,1
32526,0,1
83200,2,2
91801,2,2
65241,5,2
91165,1,1
75874,2,1
60314,5,2
62088,0,0
92987,5,2
67839,4,1
5550,3,0
73020,5,2
79649,4,2
95353,5,1
52435,5,2
74230,2,1
13397,0,1
85364,3,1
46900,4,1
62737,5,2
26928,3,2
75694,4,2
75368,2,0
89418,3,2
67756,2,2
5013,3,0
36461,2,1
89814,3,1
40019,2,2
55617,3,1
10259,5,2
48713,1,2
26350,2,2
4546,4,2
75844,3,2
12059,1,2
35484,1,2
46448,5,2
12447,2,2
37722,3,2
84987,4,2
36624,2,2
59935,0,0
49030,0,0
62871,3,0
63033,5,1
96055,1,1
42617,5,1
93867,2,2
55634,1,0
55547,1,0
1739,0,2
65203,3,2
79996,4,1
63777,5,2
44659,3,2
51450,1,2
11810,4,2
29524,1,1
93009,5,2
43074,5,2
14963,5,1
25518,5,1
37230,3,2
26313,4,2
16874,0,1
33027,5,0
36905,0,1
60725,3,1
88676,5,2
48259,1,1
52613,5,2
34627,4,0
79797,2,0
55497,0,0
61427,3,2
15168,5,2
94049,5,2
51035,5,2
27864,3,1
77843,4,1
10169,4,2
8428,5,1
58544,4,1
83431,0,2
60322,2,1
99571,4,2
59159,3,0
11816,2,1
28583,5,2
46043,1,0
90270,3,2
62556,3,1
32850,2,2
42213,4,1
44499,1,2
16144,3,2
97716,3,0
18718,1,1
59035,5,0
41770,4,1
17180,3,1
97901,3,1
486,1,2
48683,0,1
84441,2,1
64812,0,0
8250,4,2
874,4,1
49229,3,2
48622,4,1
92497,1,1
1331,2,1
22269,3,2
53661,3,2
73753,3,2
39356,5,2
60497,1,0
71648,3,2
11197,3,2
62710,5,0
27606,3,1
37571,0,2
34411,2,1
6836,0,1
20836,4,0
65813,2,0
33668,1,1
21211,2,2
80614,5,2
62441,5,2
75257,0,2
81861,5,2
9747,1,2
69716,2,2
76479,1,1
71266,5,1
38953,0,2
18325,4,1
8816,0,1
51070,4,1
75852,3,1
21480,4,2
13537,4,2
28858,0,1
98658,2,2
57874,1,0
31062,1,0
68618,5,0
24917,4,0
30,1,2
64680,0,2
96252,0,1
79723,1,0
9808,5,2
57896,1,2
51541,3,1
55126,4,1
42909,1,1
24614,5,0
53302,3,2
88397,4,1
64758,5,2
30939,0,1
81567,2,1
1278,3,1
93792,3,0
39573,4,1
6536,4,1
75473,1,0
97803,4,1
36961,3,1
5571,1,2
54128,0,1
5138,5,2
89714,5,1
33174,5,2
57826,4,1
63521,0,2
7015,1,2
45288,3,0
71507,5,1
57171,5,0
45146,5,2
83410,0,2
2742,4,2
97053,0,1
72729,2,2
90826,1,0
6773,3,0
33906,3,0
86757,0,2
89216,1,1
34562,5,0
3027,2,2
93151,1,1
98768,0,2
3133,3,2
89663,5,2
99819,3,2
4118,0,2
38175,5,2
69889,2,1
5165,3,1
61823,5,1
43354,2,1
42188,3,2
52352,0,2
29614,4,2
25950,0,2
62853,4,0
32131,5,0
76561,2,2
63441,1,1
83974,4,2
96713,0,2
50577,2,2
10522,3,1
30304,5,1
84073,4,0
4871,5,2
54877,0,2
30518,3,1
15376,0,2
45748,0,1
28945,5,1
36994,3,0
69595,2,1
68330,4,1
1059,4,1
31289,2,2
86130,2,2
33220,3,2
77502,0,2
78283,1,2
82108,0,1
4107,2,2
33085,5,2
90144,3,2
76769,3,2
25074,0,1
45326,1,0
65778,1,1
78740,2,2
47378,0,1
41597,0,2
25278,3,1
94408,2,2
51341,0,1
30787,3,2
99021,5,2
74683,4,1
22329,1,2
63444,3,2
93498,3,0
56852,4,1
37696,1,0
37909,5,1
90109,1,1
27058,1,2
56755,0,2
82502,2,2
63179,5,2
29148,1,0
77275,1,1
45887,1,0
64823,4,1
84497,5,1
14375,1,2
87807,0,2
49572,5,1
57590,5,1
67835,1,1
74059,4,2
93877,5,2
64465,4,2
69742,2,2
73335,1,2
51820,0,0
17407,5,2
33065,1,1
27935,5,1
66082,5,1
36894,1,2
38608,0,1
6534,2,0
83993,3,1
18996,1,2
64216,5,2
103,1,1
9221,2,2
55103,2,0
66899,4,0
64480,0,1
70718,2,1
97769,3,2
20240,4,1
53341,3,2
16701,4,1
33667,5,1
36775,5,2
37827,2,0
1439,1,1
83249,3,1
24928,4,2
36746,4,0
47572,4,2
95144,3,0
37142,0,2
52606,1,0
16313,0,2
37496,0,2
83663,3,2
74545,3,2
54840,3,2
38482,2,2
64402,4,1
52412,5,1
37905,1,1
39260,3,2
86155,5,2
21464,5,2
54733,5,1
30306,5,1
9385,1,2
36937,1,1
14228,0,2
14728,5,0
13482,1,1
48989,2,1
63197,0,1
46605,5,2
97870,5,1
33431,0,2
66984,0,2
65891,3,2
47229,4,2
76733,2,1
51591,4,1
89045,5,2
83581,3,2
49298,5,1
91962,2,1
87352,4,2
96435,1,2
46955,3,2
53599,4,2
77549,0,2
56282,2,2
80576,3,1
55089,0,2
34301,5,0
80946,4,1
64059,1,2
38394,3,1
77289,5,2
66815,0,2
53940,1,2
22587,3,2
45688,5,2
17081,4,2
86413,1,0
55331,0,2
760,0,1
13185,4,2
87306,1,2
29120,3,2
89574,4,2
35962,5,1
7738,3,2
90453,3,2
78110,3,1
69095,1,0
28507,4,1
66096,3,1
60365,0,1
72665,4,2
50330,1,2
49827,0,2
26095,4,0
26233,4,2
15252,4,2
9132,3,1
3543,2,0
39554,4,2
45772,4,2
49326,5,2
39408,1,2
89723,2,0
29895,4,2
49422,3,2
681,3,2
39593,1,2
73729,1,0
12756,3,2
19199,2,1
34535,3,2
14759,3,1
53473,2,2
54341,5,1
39224,5,2
99472,4,1
15909,5,1
99439,5,2
17842,5,1
48232,1,1
95345,0,2
35847,4,1
56329,5,1
59783,4,1
51916,1,0
17199,3,2
89746,5,0
26073,3,2
21143,4,0
63349,0,2
63561,0,1
70881,1,0
90553,3,2
51748,3,0
40296,5,1
18736,1,1
21078,4,1
97029,5,2
49100,0,0
16282,1,1
60539,2,1
81947,1,1
18922,1,0
14843,2,2
35159,5,2
89861,0,0
57568,5,2
26172,0,2
52740,3,1
41953,3,0
36347,4,2
91310,2,0
4822,5,0
66963,2,1
59671,3,2
22012,2,2
89541,0,2
7127,3,2
9352,2,1
53999,5,0
90442,1,1
14521,1,1
45773,3,2
59092,2,2
43069,1,0
79150,5,2
37140,0,2
84185,2,1
28501,2,0
93406,2,1
84657,0,1
12718,2,1
45901,3,1
25783,0,2
96039,2,1
50262,3,2
23469,5,2
57404,0,2
18688,3,1
56982,3,1
83453,5,2
11507,5,2
58350,4,1
94607,2,2
51594,0,1
80269,4,1
56714,4,1
16417,2,1
45709,1,0
70588,1,2
18771,5,2
39693,2,2
19852,2,2
68199,2,2
32280,5,1
45502,0,2
79365,3,0
56758,5,1
94817,1,0
19686,5,2
37155,5,2
5080,4,2
45161,5,0
16187,5,2
76198,3,2
39845,0,1
1384,3,1
64973,2,2
18827,4,0
23879,3,2
88777,5,2
24093,1,1
14178,2,1
70674,3,2
44427,3,2
28789,1,1
49929,5,0
73722,4,2
24579,4,2
45580,0,1
56462,2,1
60862,1,2
78849,1,2
37094,0,1
43396,2,1
97412,4,2
73174,5,0
49140,4,2
11966,2,2
23276,1,2
4841,0,2
5162,5,1
58742,1,2
4190,2,1
71612,3,2
10933,3,1
3221,0,1
72773,4,2
34894,1,0
73665,0,2
26449,4,2
81963,2,2
24960,1,2
73468,3,1
20095,5,2
99389,4,2
32365,0,1
18929,1,0
19809,4,1
54214,3,2
50589,2,2
41090,4,2
34808,5,1
46700,4,1
36368,2,2
24134,3,2
91043,0,2
49334,0,1
48790,5,0
42197,0,2
24572,0,2
16111,4,1
33589,0,2
43881,1,2
48558,4,1
6142,4,2
68308,0,0
68794,1,2
9172,4,2
21028,3,0
12503,5,1
46830,4,1
57798,0,2
24141,3,2
57886,2,2
44979,2,0
76014,5,1
32467,1,2
53501,5,1
19858,2,0
44242,0,2
33209,4,2
33435,2,2
53516,5,1
92315,4,2
63998,1,0
38555,0,1
64595,1,0
36079,4,2
39709,5,2
2615,5,2
9638,3,2
94168,4,1
4463,5,2
31430,2,1
62122,2,1
13990,0,2
15209,0,2
79617,0,1
76252,2,1
92097,1,1
29963,2,2
22565,2,1
70018,0,2
410,3,2
91711,3,2
35635,5,2
94063,4,1
16602,5,0
50520,4,2
22760,0,2
99266,0,0
20784,5,1
71687,5,1
76902,4,2
64591,0,2
92661,5,2
35305,2,0
79680,3,2
43735,2,2
25204,0,1
74288,3,2
62574,5,2
76868,1,1
71859,3,1
28930,5,0
64731,5,2
52982,3,1
32673,1,1
36720,2,2
80944,1,1
49065,4,2
28723,0,2
29136,2,2
39349,2,1
77318,0,2
30379,2,1
86914,1,2
13680,1,2
31346,5,1
39402,1,2
67353,1,0
13699,5,2
71983,2,1
71819,3,0
86160,2,2
42718,2,0
81939,4,2
1249,0,1
73865,2,2
97887,5,2
76624,5,1
70061,4,2
4049,4,1
52684,0,2
68444,5,1
50271,1,2
15642,0,2
77069,3,0
10701,0,2
193,5,0
23187,1,1
78240,0,2
92757,3,2
50246,0,1
39165,5,1
79845,5,1
22995,4,1
30441,3,2
81269,0,2
57215,5,1
80226,3,2
59065,4,1
57597,3,0
98437,0,1
75140,0,0
52206,1,0
99041,4,2
16195,1,0
61504,3,2
92219,2,1
32997,4,2
5401,3,2
33137,3,2
93068,5,0
72594,1,2
55795,3,2
75226,4,2
19777,4,1
30282,5,2
56973,3,1
69001,3,1
37866,0,2
60696,4,2
72471,5,2
87952,3,2
65657,1,2
57807,3,2
36490,1,2
53921,5,2
75680,1,1
52562,4,2
74291,4,1
80894,0,1
64245,1,1
91789,1,1
73372,0,2
73313,1,1
72110,0,2
18873,1,2
15464,2,2
99955,3,1
79687,1,2
77880,3,0
7445,0,2
40176,0,2
32927,3,2
30342,2,2
97226,0,2
39190,2,1
50019,4,2
58751,5,2
46958,4,2
22885,5,2
51966,3,2
57041,5,2
27767,5,2
17238,2,2
3453,4,2
34730,3,2
95433,4,0
79719,0,1
32070,0,2
94196,4,2
80737,1,1
8184,1,2
49680,4,1
92737,5,1
66957,2,2
38955,4,2
21704,1,1
51503,0,1
61779,3,0
89354,2,1
31256,1,1
51078,5,2
45763,4,1
74818,4,2
94916,3,1
36194,1,1
81478,4,2
61906,3,2
57272,4,1
93660,3,1
21523,1,2
60433,1,0
40256,3,2
86829,0,2
73043,5,1
74286,1,1
25009,3,2
38699,2,1
80813,1,0
55291,0,1
68819,0,2
84001,0,2
95770,0,2
47919,5,2
43745,5,1
10877,2,2
28142,3,2
49428,5,2
46772,3,1
62796,1,2
8401,4,1
11524,2,2
22913,5,2
39264,5,2
90122,5,1
68289,3,2
67931,3,2
74620,2,2
66220,2,2
47262,2,1
76973,2,2
71872,5,2
58130,1,2
99488,2,1
60576,1,2
9780,3,0
9096,5,2
31227,1,2
61931,4,1
5906,5,2
81511,1,1
527,1,2
33031,4,0
70904,1,2
8874,5,0
49880,5,2
95537,3,1
91765,2,2
18075,3,1
40819,4,0
20341,0,1
82119,4,1
40194,4,2
22817,0,0
45193,1,1
90101,4,2
75121,1,2
28249,4,0
10355,4,1
16554,2,0
65820,1,1
47180,2,0
28342,1,1
4286,2,2
36468,1,1
65846,3,1
94182,4,2
22453,1,2
55822,3,2
69941,1,2
24647,5,1
61161,0,2
80490,2,1
18869,1,2
86062,3,1
28980,5,2
49496,0,2
91501,3,2
16769,5,2
94266,4,2
23964,4,2
61689,3,1
52003,2,2
88388,2,2
54307,0,2
44538,4,2
26294,2,2
3740,1,1
55136,3,2
27332,3,2
47567,2,1
12529,5,1
84028,0,2
39518,3,2
86587,1,1
25896,2,1
71031,2,1
43788,5,2
41567,0,0
78680,1,1
41088,3,2
68645,3,2
66876,1,0
86766,3,0
82267,4,0
47143,5,1
99728,4,1
7281,4,1
18039,5,1
65971,0,0
92738,4,1
76984,2,2
58088,4,1
24578,3,1
20452,1,2
22322,2,0
86711,2,2
7292,4,2
14278,0,2
38353,4,1
22796,1,2
12867,2,1
88043,5,1
7492,1,1
29206,5,2
21390,5,2
77280,2,2
92872,4,1
1370,4,2
87863,4,1
27655,5,2
67012,4,2
7388,1,1
74426,4,1
85838,4,1
68139,3,2
32637,5,1
2016,2,2
26651,1,2
98211,3,1
65293,4,2
51865,1,0
97719,4,2
23569,0,2
78353,4,2
40623,2,2
52288,5,2
46380,0,2
5595,4,1
44403,2,2
71608,4,1
21986,2,0
24601,1,2
1684,0,1
7524,0,2
28171,3,2
26387,1,2
80250,5,2
55895,3,1
46707,5,2
92204,2,0
3758,5,2
59577,0,2
26075,4,2
83550,1,2
58006,4,1
53905,3,2
33897,2,1
39590,0,1
32969,0,0
68076,3,1
75985,4,2
60907,3,2
83708,3,1
211,2,0
63982,2,1
77250,1,2
11252,3,0
57053,2,2
37105,1,2
61469,5,2
69766,0,2
68483,2,2
11204,4,2
61152,4,1
25767,1,1
58506,3,1
79350,1,2
97831,0,0
6421,4,2
47716,4,1
96466,1,2
32317,4,2
78807,2,1
98308,3,1
66896,5,1
71178,4,1
54183,0,0
76114,0,2
64773,1,0
64104,2,2
37315,4,2
33631,2,2
20483,2,2
28674,2,2
69835,5,1
76790,2,0
48681,4,2
28529,1,0
68350,1,2
31624,1,1
83774,3,1
79044,3,1
76420,1,2
65384,1,2
32087,5,1
71262,2,1
21613,4,2
59965,2,2
43970,1,2
11111,3,1
27710,1,2
13071,0,2
54388,0,1
57328,0,0
38239,3,2
47861,2,1
70242,0,2
56270,3,2
15425,3,2
93749,2,1
3101,3,0
86542,3,2
49944,1,2
38800,5,2
78355,4,1
67787,0,1
81367,5,2
52621,1,2
87881,4,2
6065,4,1
72636,5,1
83499,4,0
82988,2,1
74302,0,2
20750,1,1
17282,4,0
73584,1,2
68245,2,2
65339,0,0
32316,0,0
90129,0,2
49687,1,2
89186,2,0
5283,3,2
65152,0,0
29512,0,2
26625,1,2
65044,2,1
38741,3,1
7369,0,2
90166,4,2
81841,2,0
41109,3,1
20048,5,2
80427,4,2
24228,2,2
43693,4,1
55716,2,2
86286,3,2
71241,5,1
84010,4,1
69380,1,2
10783,3,1
17396,0,1
24628,5,0
19289,3,1
97027,3,1
2446,2,1
60003,4,2
77518,2,1
71807,0,2
11464,1,1
71106,4,2
30014,0,2
30363,2,2
21859,5,2
95105,5,1
44206,4,2
81335,5,1
5193,0,0
21184,0,1
36908,0,2
11812,1,2
22795,2,1
26643,2,2
30633,5,2
97749,2,1
8112,2,0
9854,0,0
62291,0,2
66694,1,2
16844,5,2
9829,3,2
4087,3,2
76658,5,2
23312,4,1
81289,3,0
49942,3,2
96720,1,2
43131,0,1
83325,4,1
1090,1,1
98708,4,2
67513,4,0
79134,0,1
81736,2,1
90772,3,0
69511,1,2
19311,0,2
99634,4,2
77003,4,2
89138,5,0
87994,3,2
34104,5,1
69252,3,1
44890,2,0
51259,3,2
43192,1,2
76857,1,2
28108,4,1
58928,0,2
85538,5,1
46525,5,2
52775,4,2
84456,1,1
48078,3,2
11322,4,2
7956,5,2
19108,4,2
72668,5,2
42863,2,2
4029,4,1
82025,1,0
25387,1,2
49763,1,1
35742,4,1
48418,5,1
53560,4,2
53766,5,2
44388,2,2
74531,2,2
29291,0,1
49301,1,2
94785,4,2
2245,5,1
92859,3,0
1468,5,2
97847,4,0
437,1,2
97032,0,2
46894,2,1
64602,3,1
54241,3,1
23334,2,2
39660,0,2
77890,0,2
51658,3,2
52461,1,1
80562,1,2
17644,0,2
69554,0,0
82708,4,2
24554,4,0
63469,0,2
59419,0,0
33881,2,2
45038,5,2
97727,2,2
14997,1,0
78811,2,0
15200,5,1
94107,1,2
73013,4,1
88300,5,0
88588,1,0
51689,3,1
122,4,0
86590,0,0
96004,1,2
13067,4,1
11895,0,0
30243,0,2
2504,3,1
3792,2,2
15454,0,2
87373,4,1
11193,1,2
85381,4,0
75848,1,2
21761,5,1
76796,4,2
52552,2,1
65633,3,2
14942,2,1
69075,2,1
80679,1,0
87910,1,2
90999,3,2
35062,4,0
85112,3,1
64987,2,2
3801,2,0
38726,2,2
26954,1,1
45694,5,1
95317,1,2
51542,3,1
35722,0,0
85395,5,2
84724,1,1
62915,2,2
82477,4,0
68119,3,2
9542,0,1
27186,2,2
65758,4,1
97257,0,1
17013,4,2
9828,2,2
9075,1,1
59976,4,1
8040,5,2
76493,3,1
67920,2,2
14074,0,2
30319,4,2
38468,4,2
31544,0,1
94124,5,2
83591,2,2
23882,5,2
26135,3,1
27067,4,1
10350,1,1
45058,5,1
36714,3,1
45556,0,2
17359,4,2
80431,5,1
3300,2,0
61806,2,2
15720,1,1
35025,2,2
22024,2,0
77698,5,2
50654,4,1
78082,1,1
13924,3,2
1749,0,2
42206,2,2
24155,3,2
58635,2,1
11036,4,2
76768,3,0
62827,3,1
91546,1,0
27962,2,1
29610,5,0
88785,4,1
86617,1,1
75067,0,0
15496,2,1
98021,4,2
24354,4,2
76059,5,2
32757,5,1
84017,2,0
92306,0,1
40282,0,2
81599,0,2
25382,5,2
11864,5,0
18699,3,1
28046,3,0
74443,2,2
20845,4,2
88012,4,1
23942,2,0
34429,3,1
88625,3,2
36715,2,2
45041,4,2
69814,1,2
1464,0,1
68643,3,1
79882,2,1
22447,2,2
56507,2,2
75176,3,0
50254,5,1
80865,0,2
80251,2,0
88415,0,2
36023,3,2
47444,4,0
11128,1,1
35888,1,2
19555,1,2
33320,1,2
52737,4,2
52879,1,0
2566,5,0
91688,2,2
72221,0,0
20362,0,0
80731,1,2
37085,3,0
96609,0,2
3760,4,2
92559,4,1
91841,5,2
90368,0,0
12407,1,1
27547,5,2
53933,4,1
32032,5,2
28585,3,2
96290,4,1
56491,2,2
15723,4,1
61706,0,2
36735,4,2
2240,4,2
7277,2,0
93887,5,1
10777,1,2
92505,2,1
54830,4,1
2181,5,1
64378,3,1
78864,5,2
40893,1,1
42294,5,2
5912,2,1
84746,3,1
30099,4,2
26955,5,2
29284,1,1
109,1,0
64257,4,2
4902,1,1
70145,2,1
62084,2,0
82046,3,1
88202,4,1
23664,0,1
82599,4,2
80072,5,2
30003,2,2
89062,5,2
85531,3,2
32137,3,1
71347,0,2
97947,1,0
97265,1,2
89943,1,2
5707,5,2
40775,4,1
59231,4,2
77868,3,2
91134,2,1
84990,3,2
53488,2,0
14543,3,1
72023,5,1
66568,3,1
4303,3,1
76192,1,2
69924,0,0
56946,5,1
75618,5,2
199,1,1
46652,0,2
17844,2,2
41720,5,2
82487,1,2
10553,3,1
63566,0,2
3376,5,2
58424,4,2
15435,0,2
68203,0,2
1185,1,2
97333,5,0
8084,0,2
54865,1,2
54983,2,1
10468,4,2
59624,3,2
27607,3,2
42350,3,2
26359,4,2
83175,4,2
45475,5,2
23975,0,2
15261,3,1
7739,1,1
95989,2,2
85455,2,2
14255,4,0
8497,4,2
855,4,2
79521,4,1
7294,5,1
82133,3,2
83321,2,1
76342,5,1
61996,2,2
89918,4,2
64927,4,2
48842,2,2
90971,5,1
93637,4,2
90226,3,1
38066,2,2
35337,5,1
59583,0,1
91533,5,2
56487,1,2
23598,3,2
21071,3,2
53541,3,1
56015,4,2
17400,5,1
70222,0,0
68988,2,2
73830,0,0
73958,4,2
87097,0,2
25456,3,2
96047,2,2
81978,1,0
55661,1,1
91788,1,2
77036,5,2
4672,5,2
30383,3,0
11260,5,2
1223,0,2
22160,5,2
48951,4,2
50423,4,2
2551,0,0
11711,3,0
25561,4,0
80264,3,2
95875,3,1
55399,1,1
34761,1,1
13201,2,0
44357,2,2
26345,2,2
20688,5,2
19275,3,2
92481,4,1
180,4,2
22844,5,2
53594,0,2
11365,0,0
95310,5,2
92273,1,1
39023,1,2
86801,3,2
91846,1,1
37642,2,1
30978,3,2
41327,3,2
91300,2,1
84641,2,2
49863,2,1
4313,2,2
90422,0,2
2412,2,1
86904,5,0
72987,4,2
8416,0,2
18521,0,2
46609,3,1
76324,0,2
36332,0,1
5934,4,1
52785,0,2
60036,2,2
54923,4,2
28966,5,2
86031,2,2
85815,1,2
62600,4,1
22406,2,2
56387,3,0
11055,1,0
44953,3,2
78711,0,0
40635,5,1
89519,3,1
15226,5,0
73894,5,1
68716,5,0
23504,0,2
29873,1,1
55624,4,0
86377,0,2
97182,1,2
82855,0,2
70789,1,2
54420,3,2
50571,3,2
20198,4,2
95535,5,1
37768,5,2
90820,3,2
31950,5,0
83776,1,2
57029,1,2
95970,0,1
5591,5,1
98205,1,2
60476,2,2
81537,4,2
36819,2,2
48314,2,2
88984,4,1
80787,4,0
53347,5,2
64417,1,0
46942,1,0
68776,5,1
30375,3,1
38589,5,1
29652,0,2
80588,2,2
7521,5,1
45489,4,2
55763,1,0
81779,0,1
44265,4,2
89820,1,2
59107,4,2
21734,4,0
77913,5,1
46355,3,1
67185,0,2
75539,4,2
11965,5,0
43900,1,2
2274,3,2
85898,5,2
5879,2,0
35501,3,0
27065,3,1
58196,3,1
92673,1,1
17552,5,1
13181,4,1
69964,4,2
8298,3,1
1215,1,2
83278,1,1
11397,5,1
41482,1,0
86024,3,1
32594,0,1
49177,3,2
52518,3,1
63865,2,1
43317,5,0
28454,4,2
24981,1,2
72719,4,2
4653,4,1
91199,4,2
77298,0,2
66593,5,1
2350,5,2
88621,2,1
23114,2,2
59506,2,1
11095,1,0
50434,0,2
89444,4,1
93706,0,0
47499,2,1
42174,1,1
12570,5,2
6068,5,1
86971,5,2
80867,1,2
58947,5,1
28030,3,1
67132,3,2
74247,1,2
43712,0,2
2767,4,1
9018,4,2
58523,1,2
12507,3,2
50107,4,1
6466,1,0
61228,2,0
34252,0,1
32123,2,1
96101,1,0
67362,4,2
45731,2,2
80676,3,2
95016,1,2
30083,3,2
89523,5,1
55952,1,2
57119,2,1
83953,3,0
5280,1,2
27594,2,2
53140,0,2
80852,1,1
95622,3,2
55011,5,1
28984,0,1
44520,2,1
55876,0,1
49293,4,1
6345,5,2
29109,4,1
46618,5,2
85848,5,1
80282,0,1
29085,2,2
44493,3,0
15715,2,1
24933,1,2
68290,5,2
65180,2,2
7539,2,0
88524,3,0
43656,1,1
58606,4,2
29407,2,2
49599,1,2
72576,4,2
17272,5,2
82783,1,2
74581,4,2
64990,2,2
637,0,0
5109,0,0
59048,3,1
26177,4,1
29080,4,2
56792,2,2
9296,5,2
88843,0,0
97263,4,1
39520,3,2
2394,4,2
10338,0,2
14397,4,1
96650,0,2
71133,0,1
86474,3,2
39524,0,2
98423,2,0
9773,2,0
92799,1,1
75363,0,1
9544,2,2
12223,2,1
99162,4,2
47955,5,2
9495,1,2
47808,0,1
37020,2,2
91077,3,2
61408,1,0
73866,0,1
37487,2,1
53091,4,2
28780,4,1
26362,4,1
94065,5,2
77033,0,1
61797,5,2
9713,3,2
90918,2,2
62613,4,1
39523,1,2
65382,1,1
80670,4,1
56551,2,2
4943,0,2
24765,3,1
86838,1,0
25500,2,2
11629,0,2
69282,1,0
87199,5,0
48513,2,2
58849,3,1
96719,5,0
41849,2,2
76867,1,1
5328,4,2
23480,0,1
73556,2,2
64055,2,2
55919,1,1
38285,0,2
83056,2,1
26665,1,1
92202,0,1
49851,4,1
10961,3,2
86301,2,0
32322,2,1
70064,1,1
6623,4,0
72538,2,1
2979,5,2
24575,0,2
77915,3,2
97991,4,1
76977,5,0
4579,3,2
2228,0,0
72830,2,2
89869,1,1
405,2,1
43505,5,2
50915,2,2
36856,0,0
96602,4,2
80024,2,1
55947,5,2
29034,5,2
50370,0,1
46197,1,2
11850,3,2
63423,0,2
88774,2,1
8545,5,1
98721,5,1
39626,4,2
33475,0,2
60823,4,1
86947,4,1
40880,0,2
25446,1,1
31589,3,2
71817,3,0
78107,1,1
19943,0,2
35370,1,2
7122,4,2
75382,1,2
12269,1,2
20664,2,2
24600,0,1
84397,4,2
92100,4,0
49669,1,1
43149,3,2
23465,4,2
83566,3,2
56377,5,0
8761,3,2
13538,4,1
82680,0,2
45403,5,2
41985,4,0
49823,4,1
68544,3,2
88149,4,0
32605,0,2
84547,5,2
10875,0,1
82520,0,2
16960,0,2
10695,1,2
76361,0,0
12283,2,2
87443,3,2
62004,5,2
48353,5,1
68301,1,1
85840,5,2
56045,4,0
65750,5,1
43067,0,0
83729,3,1
58409,4,2
26015,5,2
48473,5,2
87444,2,2
76107,2,1
39232,1,1
7617,5,2
51423,2,2
69442,5,0
14633,1,0
3055,2,1
66276,5,1
73812,5,1
60266,4,2
74153,4,2
5553,5,1
3610,2,1
52266,2,2
21559,4,1
31183,2,2
90231,2,2
52056,4,2
81443,2,0
47073,1,0
43713,3,2
14320,2,1
6460,1,2
68929,4,1
77703,2,0
39865,5,2
24681,1,2
7682,3,1
98435,5,1
37499,5,2
16487,0,2
99519,1,2
58463,5,1
73863,3,1
99239,4,1
8991,3,1
46450,1,2
34518,2,1
53111,5,2
41426,0,0
44363,3,2
56663,1,2
19028,4,1
89713,5,2
54728,2,0
68667,1,1
84276,5,2
12171,4,2
63208,0,0
21913,1,1
25245,0,1
67535,0,2
41205,5,1
31614,0,2
15705,4,2
55539,5,2
93630,0,2
55487,0,2
61066,3,1
24448,4,2
11363,4,2
39062,5,1
49410,0,1
58584,2,0
48430,5,1
20545,5,1
90390,5,2
35497,2,1
97111,4,0
96153,3,1
776,3,2
50113,4,1
54148,1,1
33585,5,2
3095,3,2
34080,0,2
41594,2,2
3981,4,1
8868,0,2
2641,1,1
77215,1,0
46025,0,2
1380,2,1
69545,1,2
3062,2,2
73279,2,1
74770,2,1
18535,5,0
65268,4,0
22147,3,1
4553,0,2
52655,2,1
56353,4,1
16962,0,1
51969,3,0
98998,4,2
12401,3,2
73510,2,2
57955,4,1
52715,1,0
82231,0,1
43087,1,1
78645,5,0
71526,5,2
70525,0,0
6838,4,2
37830,2,2
80677,0,2
94528,1,1
33226,0,0
42965,1,1
55705,4,2
39216,5,2
81049,0,1
86852,2,1
10055,0,1
35589,1,0
8167,2,2
97496,5,1
96087,4,2
64829,1,1
66065,4,2
99396,0,2
44002,0,2
64922,1,1
86935,4,1
79109,2,1
52704,1,2
71711,2,2
10333,0,2
3879,2,1
50993,1,0
52530,2,2
98795,1,2
33988,5,0
16930,5,2
36612,5,2
33660,3,2
21898,3,2
98756,0,0
83930,4,2
68186,0,2
90815,3,2
28357,5,1
32042,3,1
93595,5,2
65911,0,2
57146,3,2
69036,2,1
41149,4,0
92802,5,2
34960,0,2
5859,2,1
49930,4,0
38413,4,2
40259,3,1
51434,0,2
13348,1,2
22223,4,2
60553,3,2
90456,0,1
81576,0,1
1385,3,0
80085,5,2
41651,3,2
60924,1,1
65274,3,0
38794,1,2
20920,0,1
58416,5,2
74970,1,2
18279,3,2
30027,4,2
34259,4,1
56848,0,2
29388,5,2
34292,3,2
26588,0,1
46306,5,1
25415,3,2
37292,2,2
80809,1,1
79815,3,1
13128,0,0
25988,3,0
63142,2,2
62160,0,2
69567,2,2
52702,5,0
76604,1,2
72372,1,2
32879,1,0
98574,2,1
18230,4,2
3827,2,2
9262,1,1
57791,4,2
13227,1,2
67330,5,0
25235,1,2
36375,1,2
67112,2,2
73033,4,1
54624,5,1
43861,2,0
25556,4,0
15047,1,0
80365,3,1
77146,3,1
34276,4,1
16153,5,1
30551,3,2
66228,3,2
17759,4,0
37960,2,0
50265,1,1
2947,1,2
93600,2,2
39174,5,2
30178,3,2
54548,1,2
60196,5,2
98032,4,2
86505,1,1
84545,5,1
50409,0,0
14748,2,2
52524,3,2
89579,0,2
57424,3,2
9464,2,2
3961,3,2
12036,3,2
38667,3,2
34716,3,2
75010,0,2
75871,0,1
95847,5,1
716,1,0
42846,4,2
61040,4,2
70559,0,1
9631,1,1
24642,0,2
99631,0,2
49918,1,0
15702,5,2
67751,0,2
47317,5,0
29137,1,0
86558,0,1
24318,0,2
54244,1,2
53001,5,1
15152,3,2
74005,4,1
42702,0,1
45918,0,1
16519,0,2
66906,1,2
84735,1,0
53251,2,0
82243,0,2
76025,3,0
87026,2,2
91713,2,2
73573,5,2
84886,2,1
75414,1,0
83378,4,1
14488,1,0
42647,2,2
18297,1,2
35734,3,2
65649,0,0
61095,5,0
41631,4,2
52117,0,2
62909,4,1
67614,4,0
43580,2,1
88438,2,1
54927,4,0
85230,4,1
98519,4,2
33013,0,0
80995,1,1
10611,5,2
45858,0,2
30713,3,2
7332,5,2
32481,1,1
87811,4,1
71198,0,2
82206,5,0
80999,2,2
7299,5,1
85806,5,1
91015,3,1
77763,0,1
79683,0,2
82740,0,2
82611,4,1
75031,3,0
83051,4,0
20665,1,1
87332,3,1
7151,4,1
45948,0,2
15269,4,0
67909,2,0
20851,4,2
40521,5,1
57101,3,1
2298,5,2
76176,4,0
63503,1,2
16256,0,1
63756,1,2
84707,4,0
838,0,2
99602,1,1
14444,4,2
52491,5,1
51430,1,2
51030,4,1
84650,3,2
88541,3,1
94294,3,2
10075,0,1
23710,0,2
66255,0,2
16742,1,0
92502,5,2
21602,2,1
96682,1,0
18534,2,0
30981,2,2
16393,0,2
99869,2,2
63856,1,2
63980,4,2
11833,5,1
58781,5,0
23304,2,2
83167,1,2
92104,1,1
98318,1,0
36225,0,2
86707,3,2
67672,4,2
52767,4,2
9401,4,2
60868,3,1
54595,0,0
54891,5,1
55087,4,1
63705,4,0
92638,1,2
13530,4,2
57797,5,0
51147,3,2
15026,4,2
88706,5,2
39246,0,2
63950,2,0
2612,4,2
36646,0,2
4151,4,0
34781,3,2
32889,2,1
99303,1,2
27503,1,2
74777,2,1
61209,3,2
67038,1,2
54505,1,1
85587,2,2
99172,0,1
41340,4,2
86774,5,0
78945,1,1
77550,4,2
73589,0,1
70261,3,2
69792,5,1
74789,5,2
42662,1,2
33549,4,2
56723,3,0
10841,4,0
59562,5,2
91908,0,2
56698,2,1
17391,3,1
28225,3,0
6793,5,2
33893,5,1
95811,5,2
7868,0,1
63001,4,2
21929,1,2
47276,4,2
5407,4,1
46281,4,0
52527,4,2
57324,0,2
13751,1,2
71027,1,2
39026,4,2
91611,4,2
63257,2,0
88567,0,1
24165,4,2
90854,1,2
82856,3,2
44155,2,2
4307,0,2
49099,4,1
65493,2,2
96456,0,2
81364,5,2
18409,3,1
47844,4,2
73959,3,1
36847,2,0
95330,0,2
76860,1,0
9680,5,2
67707,0,2
75004,2,2
73421,4,0
24608,1,2
19367,4,1
89088,3,2
50275,4,2
55916,2,0
95187,2,2
57259,1,2
78094,3,1
2020,0,1
9762,2,1
83108,1,1
86950,3,1
57770,4,1
61139,3,1
46439,2,0
48251,1,0
78133,0,0
99580,4,2
48777,0,2
85897,5,1
89664,0,1
98464,2,2
44652,3,2
59347,2,0
1362,3,0
67357,1,2
15208,4,0
89392,4,0
10628,4,2
22346,0,0
30801,3,2
42708,3,2
11897,3,2
27422,5,1
69151,3,2
733,1,2
92451,5,2
46344,4,2
6573,0,0
20321,5,1
94396,5,1
96928,4,2
13690,4,2
55355,4,2
93339,0,0
31618,0,1
48839,1,2
59273,1,2
6001,3,2
13561,2,2
62413,3,0
36435,3,1
61508,1,2
78167,2,1
5030,4,2
89960,4,0
44162,1,0
36344,3,2
35532,3,1
16265,1,2
25837,0,1
32144,1,2
70993,2,2
59055,3,2
91352,3,2
39965,4,2
38372,1,2
30177,2,1
99677,5,2
25881,1,2
61185,0,1
27700,0,2
75973,5,2
72358,5,1
67553,0,2
26543,5,1
43466,1,1
74406,4,2
11944,4,1
43161,3,1
46081,3,2
52208,1,2
52602,1,1
1751,5,1
66163,2,1
30396,5,0
44812,5,1
53719,5,2
99886,4,1
3818,4,1
9190,1,1
22302,5,2
17369,5,2
57603,4,1
86335,4,1
63816,3,1
67558,2,2
886,0,0
29894,4,2
15451,3,2
28814,2,2
53131,0,2
88934,1,1
98847,1,1
32500,5,1
25956,4,2
45244,4,2
10084,2,1
6066,5,2
14986,5,1
15084,2,2
54739,5,2
60285,4,2
53771,2,2
29470,5,1
60517,2,2
58802,2,2
89105,3,2
72610,3,2
73669,2,2
40562,0,2
56178,0,1
49374,0,2
45301,2,2
23166,2,1
35839,1,1
92173,1,2
67091,1,1
69312,1,1
58681,4,1
15650,0,2
22599,4,2
66098,3,2
21821,1,2
19866,5,1
69225,1,0
21372,4,2
84585,2,1
20313,4,2
27197,2,0
70785,0,2
84973,2,0
69429,1,1
88564,5,2
78851,3,2
35799,1,1
79866,5,2
6043,4,2
96800,5,2
2256,4,2
56252,5,2
67808,1,1
34865,2,2
83998,4,2
97640,5,1
10790,4,1
53702,5,2
39353,2,2
43064,3,1
38202,5,2
31145,3,1
9850,0,0
95601,2,2
94255,2,2
48881,2,1
86802,0,1
39107,2,2
45851,3,0
5428,5,2
78812,5,2
72680,2,1
31245,5,1
88848,1,0
71904,3,2
67239,0,2
43738,0,2
48825,4,2
89311,0,1
6896,4,1
506,0,2
52890,3,2
60874,5,1
78808,2,1
88229,3,2
23209,0,1
50883,3,2
49988,0,1
15606,2,2
87133,0,1
59646,0,2
3545,1,0
35263,0,0
71011,5,0
13671,1,0
80135,2,2
42827,4,2
37096,5,0
48976,5,0
43660,2,0
57566,3,1
34779,3,2
32241,0,2
86795,0,1
71384,0,2
67393,2,2
46244,0,2
74805,3,0
45677,4,1
88639,5,2
20586,4,1
21902,1,2
3210,1,0
82654,1,2
28397,5,1
28214,0,1
53596,0,1
24329,0,2
43751,1,2
18408,3,1
37157,2,1
87506,3,1
31982,1,2
58086,0,0
79968,1,2
28033,2,2
4252,2,2
70033,5,1
39935,5,2
40292,4,2
92210,1,2
11120,3,0
54996,5,2
1102,5,1
17514,1,2
97668,0,0
54882,0,2
41570,3,2
32883,4,1
73827,1,1
78275,2,1
47082,4,1
47174,0,2
53960,2,2
18347,3,1
66782,3,2
42185,3,2
27778,0,1
98168,5,2
99865,0,2
49111,4,2
15071,4,2
67509,3,2
59767,5,1
79360,3,2
74835,0,1
73002,1,1
27137,4,1
56182,3,1
52224,1,2
51273,2,2
24110,1,0
57230,2,1
16951,4,2
38570,3,2
19089,4,1
1962,1,2
35127,3,2
97710,5,2
54195,3,2
25942,1,2
77434,1,1
62187,1,0
29046,0,2
54489,1,1
18931,3,1
81498,1,1
84483,5,2
30629,3,1
44038,1,1
80330,2,0
87895,0,1
40212,2,2
13260,1,2
8943,0,2
19051,4,1
21138,5,1
54316,3,2
70150,5,2
89109,2,1
74069,5,2
39467,5,2
60818,4,2
99949,3,0
73146,2,1
10639,4,1
94423,3,2
61608,5,2
24408,2,2
68214,1,1
15446,5,1
35211,2,2
23340,2,1
7,2,2
38377,2,2
4819,0,0
96317,2,0
78718,2,2
78367,1,1
51659,1,2
70191,4,2
52867,2,1
49364,3,2
61137,3,1
19349,1,2
30965,0,2
4389,5,2
61768,0,2
79330,5,1
97948,1,0
56931,2,2
94849,5,2
97551,4,2
46126,4,0
23985,2,2
47191,2,1
19515,2,2
70158,5,2
46289,0,0
72477,4,1
99214,2,2
35568,4,1
92988,2,2
68227,1,2
4409,0,1
83302,0,2
58271,4,1
36107,5,1
38345,2,0
56023,3,1
14606,4,2
92341,2,2
96016,1,1
92626,0,2
34645,5,1
67740,5,2
44347,3,2
95575,5,0
56570,1,2
98275,1,2
28407,5,0
9761,0,1
75967,4,2
27037,2,0
59662,3,1
41894,1,2
46897,4,2
77736,4,2
32479,0,1
9408,3,2
58080,0,0
69067,1,1
13344,1,2
8789,2,2
84880,0,2
28115,1,2
19688,5,2
58559,0,1
44621,5,2
51934,2,1
26349,3,2
13472,1,1
59649,4,1
27551,5,2
44136,5,0
13899,2,1
15488,2,2
7979,2,1
37585,4,1
47296,0,1
82116,0,0
49582,5,1
99205,3,0
51927,3,2
98223,3,0
13154,1,1
41440,2,1
60624,5,2
2019,1,0
4589,5,2
97707,3,2
19925,3,1
23464,5,0
213,5,0
7346,2,1
77179,4,1
74845,2,1
60674,4,1
28330,1,1
21222,1,1
12769,2,0
97005,2,1
3844,5,2
44077,2,2
64544,5,2
91254,0,0
30213,0,2
38657,4,0
87299,1,1
27992,2,2
19929,3,2
4631,5,1
24309,4,2
72093,2,1
55241,1,2
51416,0,1
93335,3,2
27774,2,2
43919,2,1
55327,4,1
65642,3,2
18897,3,0
77756,0,2
44047,3,2
32147,4,2
90789,1,1
19325,0,0
62617,3,2
72141,2,0
76461,5,2
85311,3,0
59687,0,1
48643,1,2
74033,0,2
98582,3,2
23161,1,0
50876,5,1
78977,5,0
5869,5,0
1318,4,0
50372,3,0
5207,0,2
66496,2,1
35034,0,2
98899,5,2
38325,3,1
34051,2,1
17316,2,1
43977,1,1
57565,1,2
86490,2,2
39747,3,1
2462,3,2
23016,2,0
27793,0,2
38962,1,2
61979,4,2
13198,1,2
64436,1,2
33317,0,0
10398,0,2
43212,4,0
92923,2,2
86288,0,2
79014,4,0
67301,0,2
88240,0,2
93640,1,1
10971,3,1
96329,5,2
34935,4,2
87214,4,2
17589,5,2
44448,0,2
43541,0,0
11976,5,1
30417,1,1
56868,3,2
63913,5,1
61190,5,2
57429,4,1
57744,0,2
37799,4,0
76850,2,1
62923,2,2
3703,0,1
71756,0,2
58205,4,2
24985,2,0
29685,2,2
79139,2,2
10141,3,2
58046,1,2
11116,4,2
2036,2,0
32656,0,2
56251,3,2
90468,3,2
37964,5,1
63981,2,2
15819,1,2
64435,4,0
58874,3,1
24201,4,1
37344,2,2
62332,5,1
44409,2,2
26111,3,2
73996,4,1
92518,0,2
3089,0,1
51303,5,2
80295,4,2
73214,0,0
32404,5,2
85011,4,2
61284,1,1
16958,1,1
2552,3,2
4949,2,0
22119,1,2
20943,3,1
73290,4,2
46162,5,2
74128,2,1
17920,4,1
5267,0,1
87283,3,1
78717,5,2
65432,3,2
15663,0,1
86919,5,1
680,2,2
60469,5,2
13095,3,2
75506,1,2
11778,2,1
48488,1,0
97309,5,2
42105,1,2
39981,1,2
61362,4,2
2594,3,2
33764,3,0
44700,4,2
6736,1,2
18367,1,2
38679,4,2
26571,0,0
48162,4,0
59352,3,2
47222,3,2
61314,0,1
9523,5,1
26782,2,1
24464,4,1
31524,3,2
7093,5,2
8669,5,1
6973,3,0
97339,3,2
77057,5,1
3507,5,0
81111,1,2
48061,4,2
85036,3,2
53127,5,0
31801,1,2
48013,0,2
71752,5,1
82532,4,1
14186,0,1
20885,0,2
19672,2,1
79144,4,0
35701,4,1
18035,1,2
48114,3,2
22676,1,2
1788,2,1
94905,5,2
14425,2,1
39150,0,2
55037,5,2
42262,3,0
7836,0,1
91796,1,1
94072,3,2
78982,0,2
78592,4,0
69698,0,1
26503,3,2
98615,5,2
26127,4,1
4270,5,1
84327,4,1
60414,3,2
27111,5,1
71599,2,0
96381,2,2
27679,1,1
5469,2,2
81155,4,1
72910,1,0
68023,0,2
79298,0,1
30789,1,1
75239,3,2
33299,1,1
29851,2,2
8843,4,1
52725,4,2
79374,5,2
24340,0,2
66716,5,0
742,5,1
92847,3,0
4733,1,1
13525,4,2
21612,5,1
55281,4,1
50129,0,0
10666,5,1
80137,4,1
17867,5,2
95375,4,1
45683,1,2
9993,1,0
70961,2,0
66149,0,2
70663,0,2
78976,1,0
50771,5,2
42306,1,2
30174,5,2
66682,0,2
82897,3,2
34328,1,2
85800,2,1
81673,3,0
77912,3,2
76356,1,0
2809,2,2
73755,4,2
35051,5,1
59088,0,1
73406,5,1
51684,1,2
13634,1,1
85232,5,0
44561,4,2
93894,1,2
94068,1,2
18362,0,2
57965,5,2
2063,4,2
39440,1,2
50179,3,1
32071,3,2
34900,4,2
94152,1,1
66188,3,1
71135,0,2
13082,3,2
84226,4,2
25400,2,2
44169,1,1
92900,2,1
38167,4,0
2917,4,2
96080,5,2
32555,4,1
63112,5,1
34508,1,2
65975,4,1
8473,1,0
49779,2,2
5386,2,1
19611,0,2
93621,0,2
43391,5,0
14969,0,0
1664,1,2
21325,0,0
93190,4,2
36417,2,1
97510,1,0
57319,2,2
50756,1,2
8324,1,0
59448,5,2
53325,4,2
9927,1,1
38383,1,2
96165,4,2
66465,4,1
60920,1,2
12183,2,1
30404,1,1
41114,2,2
96952,1,2
52807,1,2
16764,4,1
34303,4,2
74320,5,1
38620,1,1
35020,3,0
87596,2,2
61253,2,2
22963,4,1
88556,1,1
5990,5,2
20209,0,0
74948,2,2
65281,5,2
97745,2,1
24319,4,2
73904,2,1
12037,5,0
37994,5,0
53980,4,0
24668,2,1
60115,2,1
55965,1,1
85535,2,1
58181,0,2
66618,1,1
9969,3,2
41850,1,2
24810,4,0
33472,3,0
3237,0,1
85809,4,2
69144,0,0
14309,0,0
42400,1,2
78900,2,2
25295,5,2
30909,2,2
44367,1,1
97981,3,0
66361,2,2
48723,0,2
26144,1,0
32648,4,2
56504,3,1
89495,5,1
90164,0,1
89255,2,2
83075,5,1
40344,1,2
30539,2,0
14181,1,1
99730,5,0
11719,4,2
80457,1,2
51181,4,1
72267,0,0
65968,2,1
91895,2,1
54285,1,1
51328,1,0
47074,2,2
29658,4,0
1153,3,0
33182,1,1
69034,4,1
50759,5,0
13654,5,1
27377,0,1
88337,1,1
35147,3,1
79377,2,0
10237,4,0
5385,0,2
95524,4,2
31695,0,2
86809,2,1
37943,3,2
45934,5,2
4925,4,2
51662,4,2
10994,5,2
32254,3,1
48690,2,2
26879,3,2
50882,3,2
75001,3,1
21135,2,2
17468,2,2
35865,4,1
43438,1,1
4181,5,0
36032,3,2
51836,3,2
46040,0,1
9070,2,2
51280,0,1
26130,2,1
64619,0,1
89651,4,0
27143,5,0
19488,0,1
49172,4,1
70425,5,2
45147,1,0
91538,0,1
5300,0,2
797,4,2
65459,1,2
36543,2,2
10601,1,0
43393,2,2
11309,1,2
20927,4,2
47398,3,2
19785,0,2
36825,4,1
3388,3,2
87744,5,2
99165,4,1
88941,5,2
29995,4,2
1617,1,2
1058,4,2
46827,5,1
2703,5,2
25031,4,1
25420,0,2
15833,3,2
27953,4,1
88702,1,1
35838,3,0
83555,3,1
38462,3,2
79705,4,2
57110,1,0
89228,2,2
80536,4,2
7804,2,0
26960,3,2
86303,3,0
10677,4,1
46342,0,1
93596,1,2
23777,4,2
38973,2,2
81657,5,1
38191,4,2
35706,4,0
83479,3,1
45330,2,2
38606,5,1
24073,0,1
51262,0,1
9660,0,1
39751,0,1
91969,5,2
86920,1,0
34485,5,2
75573,4,2
83694,0,2
82727,5,2
42929,5,1
39801,2,2
33301,3,2
86410,5,1
24992,2,0
49914,1,0
56642,0,2
65500,2,0
59669,3,1
48178,3,2
5881,4,1
47381,3,0
50116,0,2
72125,5,0
37180,3,1
60387,5,2
95582,5,2
68194,1,1
35322,5,1
36022,3,0
9570,2,2
92346,5,1
24745,2,1
16412,4,0
78898,4,2
76997,0,2
57518,0,2
10837,0,1
70501,4,1
64563,3,2
36663,5,0
89779,5,2
1170,0,2
19946,4,2
79715,4,1
12562,3,2
25958,3,2
63140,2,0
20816,2,2
38564,2,1
89790,4,2
15407,1,0
51154,2,2
78578,4,2
87318,5,1
69739,5,1
93070,5,1
5434,1,0
96195,5,2
90131,5,2
23694,5,1
98319,1,2
31718,4,2
5071,1,2
54803,1,2
43690,3,1
6655,3,0
58282,5,0
3249,3,2
44743,5,0
29223,5,2
64651,3,0
54323,2,1
30725,3,2
59003,0,2
14422,0,2
32426,5,2
47590,1,1
42858,0,2
20673,2,0
2546,2,1
98589,0,0
17006,4,1
91071,2,1
2265,4,2
32196,3,2
30412,1,2
66129,1,1
37591,0,2
10709,4,2
64671,0,2
27542,1,2
48191,2,2
98394,2,0
15546,3,1
82912,3,2
99192,3,1
19477,5,2
65985,5,1
1410,1,2
33741,4,2
53372,5,1
290,4,0
97297,1,0
51119,5,2
91275,3,1
83365,4,2
82203,4,2
57814,2,2
86529,5,1
82354,2,1
224,1,1
61336,1,2
70555,4,1
63708,3,1
77446,4,2
33729,3,1
99633,3,2
19475,4,1
86961,5,0
88222,4,2
49280,5,0
37049,0,2
77751,2,2
60062,0,2
13932,4,1
23924,0,0
15641,2,2
68063,1,0
29680,4,1
46240,5,2
95267,5,1
60473,5,2
44371,5,2
60384,0,2
17192,4,1
84204,4,1
13511,5,0
98357,2,0
57206,5,0
62916,2,2
73245,0,2
66004,2,1
17730,0,1
30332,5,0
37615,4,2
73922,5,2
70174,1,0
48945,4,1
23671,2,2
71763,4,0
81245,0,1
50496,5,1
48413,5,2
94503,0,2
35896,1,2
43096,1,1
27714,5,2
59016,2,1
40438,5,1
77593,0,0
96342,0,2
80545,5,1
52516,1,2
16935,1,2
21044,1,1
90681,1,2
77994,3,2
68607,0,2
83371,5,1
22377,5,1
35011,1,1
67479,0,1
801,4,1
86465,5,2
5256,5,2
74145,5,0
4989,0,2
9421,0,2
24128,2,0
69708,1,0
21880,5,0
89488,1,1
12351,0,0
78806,0,0
96027,0,2
5613,1,0
92099,1,2
59056,1,2
5480,0,2
15993,2,1
20891,2,0
22108,4,0
33131,4,2
49418,4,2
68591,5,2
57803,0,2
78614,1,2
95815,0,2
92995,2,1
63223,4,2
92441,4,2
81376,1,2
3442,1,2
52192,3,0
55692,2,2
86082,3,1
47011,4,2
80018,0,2
4926,5,2
6198,2,2
21918,2,2
54876,1,0
17215,0,1
95777,0,2
28790,2,2
32839,3,2
21539,4,2
19660,1,2
52872,0,2
15067,1,0
31393,3,2
3858,3,1
21489,0,2
48138,1,1
38434,0,0
77752,5,2
51292,2,2
2463,5,2
59124,2,2
12933,1,1
92484,5,2
56797,1,2
76178,3,0
89923,3,1
43407,0,1
90722,4,2
92688,3,0
6912,2,1
85019,1,1
49341,0,1
25637,2,1
82889,3,1
93095,1,2
47847,1,1
42775,5,2
15162,1,1
46670,3,2
12680,2,2
53484,1,1
97625,5,2
38036,1,2
64981,0,2
48371,0,2
26009,1,2
29050,3,0
39128,2,2
85352,3,2
50722,1,1
55259,1,1
50208,2,2
59585,5,2
27224,0,2
17616,2,2
6760,3,1
94601,1,2
31364,1,2
75900,4,2
92778,1,2
49060,4,0
12651,5,2
49768,0,2
61772,4,1
10502,2,2
32355,5,2
63486,1,2
58949,1,1
83469,2,0
24199,2,1
50953,4,2
20834,3,2
58919,0,0
6039,3,2
58530,4,1
12510,4,1
77187,3,2
10597,5,1
79066,4,1
30564,3,0
64997,4,1
50288,1,2
16145,5,1
34545,5,2
68392,4,1
54520,2,2
18691,2,2
25008,5,2
27321,5,2
58673,3,0
33160,3,2
21442,2,2
55573,1,1
88350,1,2
28338,5,1
18870,4,2
51930,1,1
89783,3,1
7585,3,2
7507,2,1
68081,5,1
53834,0,2
71167,5,1
86823,0,1
33082,4,1
83220,3,0
27167,1,0
84867,1,1
66841,1,0
62694,0,0
12819,5,1
38812,0,2
80761,2,2
69007,2,0
26753,5,1
61353,3,0
58207,5,2
16973,5,1
27014,0,2
2046,1,2
96306,2,2
77100,3,1
93577,0,2
77223,5,2
46948,5,2
51708,1,2
63624,4,0
88977,2,2
80793,3,0
93253,4,2
54249,1,2
25544,2,2
35474,0,2
28013,3,2
23625,4,0
49308,3,2
12422,5,2
10335,3,1
98564,2,2
5993,1,2
21171,4,2
48308,4,0
88003,3,2
82633,2,2
37495,0,2
4498,2,0
51504,2,2
81761,1,2
83580,0,2
63636,2,0
29871,3,0
42250,3,1
67915,2,2
61255,4,2
72432,4,2
63518,0,2
53229,1,1
15547,0,0
80192,1,1
62288,0,0
27135,2,2
8870,1,2
56304,5,2
35827,1,2
90865,3,2
99248,4,2
22617,4,2
93483,4,2
95773,5,2
93391,3,2
72617,0,1
75510,3,1
69965,1,1
36436,3,0
98534,2,0
13483,2,2
47410,1,2
38333,5,1
62075,2,2
57220,3,2
32437,4,0
1709,4,2
7563,5,2
9415,5,2
31479,1,0
74129,0,0
57039,5,0
44545,5,1
60299,5,1
75051,0,1
63095,4,2
62895,0,1
22784,4,0
84180,4,2
55656,4,2
86738,1,2
17020,4,0
42586,3,0
87185,2,0
2630,1,1
61290,2,0
98153,4,2
25323,0,1
62000,1,2
53122,3,2
4704,5,2
40323,0,1
31438,5,0
94012,0,1
19105,2,1
68327,3,2
60063,3,2
47747,2,2
52665,5,1
14528,5,1
59675,0,2
76550,0,1
10821,0,1
36333,2,1
6329,0,2
78131,2,0
65701,1,1
31105,2,2
20077,4,2
4692,1,1
62261,0,2
72349,1,2
38261,4,1
17596,2,1
23592,0,2
15690,2,2
35969,3,1
13106,5,1
55403,1,1
94071,4,1
72531,3,2
52187,3,1
73449,0,1
66696,0,0
22620,5,2
68947,1,1
94860,0,1
65347,2,2
45016,4,1
83731,1,2
66416,2,0
21782,4,1
20267,4,1
27001,1,0
46691,3,1
6292,1,2
87563,0,1
14712,2,2
27510,0,2
87853,0,2
82285,2,2
15776,1,2
86239,2,1
22353,5,1
39776,4,1
71509,1,1
72703,4,2
22636,4,2
55,2,0
98745,4,2
5182,1,1
99617,2,2
10171,1,2
16544,3,2
89067,4,1
51415,2,2
1312,1,2
95406,2,0
34132,1,2
38466,1,2
58522,0,0
76121,0,2
77267,3,0
19434,4,2
328,0,2
89391,1,1
33449,1,0
5963,2,2
11520,0,1
51827,4,0
89675,5,2
36078,4,2
69,3,2
73308,2,2
8113,4,1
93416,0,2
42379,4,2
28929,5,0
4113,2,0
23434,4,2
43299,3,1
98485,1,0
94226,2,2
72065,3,2
34596,0,2
20599,1,0
69977,3,0
42971,5,2
74165,2,2
37211,2,0
48556,0,0
45418,3,2
4408,5,2
63045,2,0
6180,5,2
32497,3,1
30445,3,1
8154,5,1
21342,4,1
20371,4,1
70725,1,2
13458,1,1
94482,1,2
41963,3,2
52924,4,2
22267,0,2
39015,1,2
78823,2,2
42351,1,0
92145,5,1
68057,4,2
6846,4,2
59661,5,1
68359,3,2
65851,3,0
87944,5,0
35387,1,2
17092,1,2
92005,1,1
50707,3,1
58198,5,2
87210,2,2
98452,1,1
12761,5,2
60078,4,0
87436,1,2
67640,1,1
62564,2,2
39421,4,2
61989,3,1
25039,3,1
2054,3,2
31060,1,1
27055,5,2
45455,5,2
83126,1,2
2330,1,2
14792,3,1
97225,0,2
82377,2,1
75350,5,0
65212,5,1
15762,5,2
4688,0,2
4732,3,2
81404,3,2
18837,2,0
61437,4,2
58140,2,1
55199,4,1
52282,2,1
52312,2,1
74376,3,1
7952,1,2
73988,3,1
26047,3,2
16373,0,2
69440,3,2
21441,1,2
31176,2,1
90337,3,0
12785,0,2
7751,1,1
68505,0,2
90440,4,2
46270,2,1
82825,5,2
24604,3,0
15839,5,1
83726,1,1
89849,2,0
38746,0,1
81283,3,2
25750,0,2
34778,5,0
83444,3,0
86911,1,2
75658,4,1
7714,2,1
31052,3,1
59167,1,2
16558,4,2
33452,0,2
7048,2,1
22274,0,2
18426,4,2
78104,4,2
37712,3,0
64228,1,2
64025,1,0
80344,0,1
1399,3,2
77500,2,2
57136,1,2
83211,1,2
70809,3,1
30123,4,2
78432,3,0
2922,3,1
4746,4,1
18253,1,1
96344,1,2
30501,5,2
77774,4,2
3559,1,2
28333,2,2
97298,5,2
36372,5,0
35664,3,2
99983,3,1
36397,1,2
91415,1,1
85084,3,1
15562,3,0
83653,1,1
17069,2,2
70865,4,0
27922,2,1
67421,4,0
21201,1,1
78006,1,1
71477,1,2
66019,0,2
38509,2,2
7109,0,1
43696,4,2
4074,3,2
17360,5,2
72764,3,2
78418,5,1
21322,0,2
51726,5,2
76091,2,1
95419,0,1
29659,1,2
47606,1,2
45227,1,1
36772,0,2
16821,3,2
98206,3,0
12973,0,2
41856,4,1
80259,1,2
29070,1,1
16630,3,0
84812,5,1
40181,3,1
33818,4,2
78000,2,2
16239,0,2
45329,0,2
84716,0,1
57354,4,0
29429,1,1
63052,5,2
4224,2,2
72973,4,2
22706,0,0
60323,3,1
69777,3,1
69362,1,2
67505,1,2
5034,4,2
39945,2,2
36448,4,2
92281,0,2
81504,3,2
48732,4,0
92483,1,0
37279,1,1
95744,1,2
22662,4,0
78020,1,2
86521,0,1
81147,2,1
70276,1,0
703,2,2
92105,5,0
34139,2,2
45955,3,1
18634,2,0
35623,3,1
4111,1,2
18553,2,1
96798,5,2
58279,0,2
90853,5,0
17748,3,1
16426,2,2
95658,3,2
207,0,1
80056,3,2
41200,1,1
1896,4,2
41212,2,1
95365,2,0
46369,2,2
33954,0,2
16534,4,1
75813,2,1
60488,2,1
76896,1,0
14821,0,2
98495,5,2
61736,4,2
97594,2,1
90160,3,0
87009,1,2
36295,0,2
71839,1,2
35366,3,1
34881,5,2
66862,0,2
83988,4,0
86746,3,2
63407,5,2
12708,4,2
30478,1,0
80455,5,0
30729,2,0
6432,5,2
5212,0,0
96851,2,2
23466,5,2
93268,4,2
65176,1,1
69898,5,1
39789,2,1
78153,0,0
85303,1,1
25800,4,1
77932,2,0
29891,5,2
57688,1,2
73697,4,2
14368,5,2
74246,3,2
13724,3,0
34172,0,2
17860,1,0
52688,4,0
15433,4,2
35199,2,2
66275,0,1
46726,0,1
53590,1,2
81199,5,2
22077,0,1
52274,3,1
46038,3,2
32572,5,1
32954,5,2
91960,1,1
24511,5,2
92589,1,0
31835,5,1
78637,0,1
69850,3,2
59442,5,2
4700,4,2
22410,2,1
16670,5,1
53201,1,1
77663,1,2
11922,3,2
8995,5,1
86569,2,2
67235,1,1
23390,3,0
22028,0,2
48917,0,1
51356,4,0
69895,2,2
39311,5,2
67951,1,2
13250,3,1
53099,4,0
41637,5,1
8260,4,2
49351,3,0
30944,1,1
2487,3,0
18424,5,1
95901,4,1
63331,2,1
12829,3,2
86681,5,0
2304,2,2
56121,5,2
36867,1,1
97473,4,2
33464,4,2
64086,5,1
15693,3,0
99398,0,2
26214,1,1
57382,0,2
31155,0,2
83891,5,0
55533,0,2
34801,4,1
30568,0,2
39683,1,0
87512,4,0
95421,0,1
58042,5,2
73957,2,0
61713,0,0
92825,0,2
11787,3,2
93425,0,1
10991,3,2
80168,2,2
16598,4,2
1369,4,0
77427,3,1
2226,0,2
39114,2,2
4859,3,2
39052,0,2
44670,5,2
42491,1,1
36327,4,1
60768,0,1
50884,2,1
97315,2,2
32207,3,1
51902,0,0
9346,4,0
5276,4,2
74580,4,2
1992,1,1
31709,4,1
78813,4,2
10816,5,1
68305,1,2
83529,5,2
37788,3,2
38085,4,1
12121,1,1
61506,0,0
65193,1,2
77567,2,1
99139,3,1
24217,1,2
73582,5,1
13664,3,1
11697,2,2
80047,4,1
63915,1,2
73306,5,0
38086,0,1
92515,1,0
21852,3,2
10849,1,2
2512,2,2
61784,2,2
783,5,1
22403,2,1
19734,5,2
47719,5,0
62878,3,2
80093,4,2
42008,1,0
4433,5,1
99912,4,1
16681,3,1
78694,0,0
7343,4,2
39214,3,2
24411,1,2
15174,1,1
47405,2,1
52674,4,2
52058,5,1
71727,5,2
93133,0,1
1299,2,1
28273,0,2
11497,5,2
33996,5,1
34490,1,2
32488,2,2
94375,2,1
84714,2,2
24657,1,0
30402,1,1
75832,5,0
98888,2,1
14325,5,1
656,1,0
56636,3,2
98681,1,0
2986,1,1
41344,1,1
75624,1,1
79558,2,1
43763,2,1
75820,5,2
33650,2,2
38571,4,2
42177,2,1
47688,0,1
65922,4,1
97788,0,1
85474,3,1
37401,4,2
33587,2,1
2485,3,2
75686,1,0
31711,4,2
26853,1,0
9716,5,1
96517,3,2
70312,2,2
63377,0,2
12049,2,2
41112,4,0
88847,5,2
80574,4,1
10456,1,2
40071,5,1
31301,4,0
21585,4,2
3337,5,0
96992,5,2
76113,0,1
57439,3,1
62558,5,1
21130,3,2
2620,0,0
10163,0,1
82003,5,0
73781,2,2
54018,3,1
25640,3,2
79796,1,0
87617,3,1
56400,4,2
12632,2,2
3913,4,2
92788,0,2
15665,5,2
94557,5,0
47626,4,2
4305,3,1
76662,0,1
31323,2,2
37285,2,2
91170,5,1
13556,2,2
50540,3,2
21435,5,2
19251,3,0
24392,0,1
17708,1,2
28913,2,1
36723,1,2
5043,2,1
44751,4,1
40603,4,2
24793,0,2
65671,5,2
54326,4,2
43892,1,1
50527,3,1
26712,4,2
62715,3,1
66485,3,0
14223,4,2
77197,3,1
86499,0,1
24433,3,2
23766,2,2
36141,3,0
15531,1,1
43518,1,2
73691,5,1
79289,2,0
96443,3,2
41879,3,2
33865,5,2
82457,0,2
76672,2,2
49431,4,2
25609,1,2
98801,3,1
20325,0,0
36175,5,2
36205,4,1
39551,5,1
36879,4,2
41975,5,1
32201,5,0
22102,3,2
26305,1,2
83684,1,2
54537,0,2
6899,5,2
83326,2,2
81260,4,1
8296,4,2
78673,4,0
16654,3,1
92230,0,1
25214,5,2
71706,4,2
5046,1,2
22941,2,1
10263,5,2
91224,2,0
1006,0,1
25491,2,0
39637,2,2
5172,1,2
90287,4,1
92607,4,1
12630,5,2
54482,3,2
26328,4,1
74228,0,2
55035,3,2
9203,4,1
67122,2,2
45334,0,1
17080,2,2
82282,2,2
56523,3,0
18090,0,2
27245,5,1
7610,0,0
68383,4,2
98454,1,2
26756,3,0
49416,1,2
34530,1,1
64538,4,0
55388,3,2
89381,5,1
44050,2,2
25136,0,1
7953,0,1
59387,4,0
95112,1,2
88849,3,0
37286,0,2
19113,5,0
89337,0,2
5878,2,1
40383,5,2
2861,2,1
76856,1,2
71936,0,2
6783,2,2
37786,5,2
5225,0,1
32140,3,0
47469,0,2
46795,1,2
60514,0,0
93931,5,2
67940,1,1
14435,0,0
18390,3,1
63094,5,2
37980,3,1
32651,5,0
20948,3,2
2381,3,1
11804,3,0
91955,5,2
35014,2,2
76697,1,2
57758,5,2
17597,2,2
7806,3,1
85172,2,2
31502,0,1
38293,3,2
54745,1,1
12971,2,2
30280,5,2
43935,5,2
81836,3,0
59004,5,2
26375,1,2
15946,5,2
19664,2,1
22881,3,1
81286,3,2
91056,1,2
91293,5,1
21068,0,1
92620,3,1
78125,1,2
85997,3,1
56608,2,1
41794,3,2
18379,5,2
72707,1,2
22463,5,0
85866,0,0
63341,0,2
42642,1,2
51891,1,1
61170,0,1
62548,0,0
50436,5,2
14586,5,2
97973,4,2
68367,5,2
28890,2,1
71540,0,1
7510,1,2
76328,4,2
48176,1,0
23506,5,2
28361,5,0
51249,4,2
61373,3,2
29239,4,1
75744,2,1
35956,4,1
63087,4,2
15107,1,0
82716,5,2
69220,5,2
72724,5,2
48228,1,1
21745,4,1
53065,1,0
59276,5,2
24460,3,1
7205,5,1
29676,1,1
73553,2,1
18554,0,2
97993,0,2
41448,5,2
28217,1,1
36773,1,2
57564,2,0
11161,5,2
31274,5,0
33090,2,2
21094,0,0
85146,1,1
78042,1,1
73495,4,1
56456,0,1
33007,2,1
97478,4,0
15205,2,2
91363,2,2
47744,4,2
66511,2,1
23171,5,0
46045,2,2
39051,2,2
48218,5,2
84281,1,2
47343,0,2
18151,5,2
77062,2,1
33093,2,2
90276,4,2
25538,0,1
78403,3,0
55217,2,0
48922,0,0
24060,3,1
82725,3,2
26314,5,0
69500,2,2
59882,3,2
27601,0,1
13499,1,0
5899,3,2
42202,0,2
707,3,2
79296,2,1
24317,2,1
69892,1,1
29145,0,2
72324,4,2
8318,2,2
83333,0,0
76983,3,0
91341,2,1
65129,5,1
61497,3,1
59093,4,2
5931,3,2
47532,5,0
13970,2,1
74224,5,2
74757,5,2
98927,1,2
82970,5,2
1264,5,1
35139,3,1
89335,0,0
34098,5,0
1014,0,2
49983,5,2
6713,2,2
25501,0,0
9582,4,1
10329,4,1
884,5,1
86457,4,2
27125,4,2
67478,4,2
18742,1,0
9520,0,1
13468,0,2
34091,2,2
86642,5,2
34082,4,1
30264,0,0
64566,3,0
22099,1,0
47248,4,2
1356,1,2
91397,3,2
32666,3,1
28313,3,2
24436,0,1
50949,5,2
55058,0,1
62036,4,0
2797,5,2
35629,4,2
52233,0,1
84054,1,0
61653,5,2
59271,1,2
87418,2,2
12776,4,1
20818,2,0
45307,5,1
82717,3,1
11909,5,1
58379,3,2
89468,2,0
19309,3,2
89500,3,1
8504,5,0
41339,0,1
77101,4,2
11587,1,2
22044,2,2
92007,5,2
74788,1,2
2373,5,1
29516,2,2
14870,2,1
86537,3,2
82510,1,1
63119,0,2
33142,3,0
32635,0,0
73963,0,2
97154,0,2
94812,0,2
10147,4,0
19329,2,1
45169,1,2
56592,3,1
65619,4,2
23791,4,1
76467,3,1
66674,1,0
50996,2,2
35478,4,2
90529,2,2
41233,4,1
67131,1,1
5123,3,2
60947,4,2
72298,0,2
83831,5,1
75941,3,2
37912,3,2
31865,3,2
62209,3,2
84630,3,2
52482,1,1
39387,4,1
50562,1,2
74295,4,0
21471,3,2
69155,0,2
190,2,2
24734,2,2
48069,5,1
91237,1,2
52366,3,2
28449,4,1
14565,0,1
31313,3,2
14502,1,2
1031,3,0
3070,2,2
61272,4,2
41547,3,2
64614,4,2
18377,4,1
71813,0,1
67498,3,2
28240,3,1
81343,2,2
26897,1,2
61028,2,1
95374,4,1
49910,2,2
73537,5,1
4460,5,1
85366,0,0
30735,0,1
53268,4,2
20324,4,2
44783,4,2
14567,4,1
17195,1,2
46736,2,0
10427,1,2
99622,2,1
62674,0,2
48925,2,1
1821,2,0
61921,3,2
5709,4,1
26278,5,1
17319,2,0
79285,1,2
95219,3,2
48654,0,1
94966,3,2
178,3,1
36260,3,2
43658,5,0
48039,1,2
57398,2,2
1551,3,2
40783,3,1
91481,2,0
56118,2,2
14590,4,1
48859,1,2
34874,0,2
63800,0,2
51665,0,2
32986,4,0
74972,5,2
60870,4,2
26794,5,2
54530,4,2
13642,1,2
7732,3,0
30860,1,2
39625,0,0
79942,1,2
9584,3,1
19815,0,2
3226,5,1
80299,4,2
66479,2,1
24813,5,1
2834,0,2
52364,4,1
91365,0,2
78337,1,2
72226,2,1
71099,2,1
89992,2,1
75718,3,1
36774,2,2
29082,4,1
84079,3,0
59214,0,2
7159,3,2
55993,5,2
21881,0,2
65074,1,2
45915,1,1
71871,0,2
36801,3,0
85188,0,2
74418,2,2
98620,0,2
52617,0,2
54462,1,0
43405,1,2
18207,4,2
65446,3,2
47349,1,1
13749,1,2
29615,3,0
82993,2,1
86855,1,2
42087,5,2
39911,2,1
90313,0,2
23730,3,1
93086,5,2
74552,0,2
82132,4,0
35781,3,0
50407,2,2
50405,4,2
10698,0,1
97197,0,2
64099,2,0
98102,4,2
67170,1,2
32940,3,2
9208,2,0
94241,0,1
66045,4,1
43032,1,2
44140,2,2
51264,3,1
73920,3,1
26763,2,2
91,5,2
49804,0,1
33429,0,2
75684,4,0
98583,2,1
10907,4,0
98287,5,2
78061,5,0
66589,4,2
95783,0,0
67070,1,2
63106,5,1
61224,3,1
82247,0,1
77569,2,1
6765,0,2
28734,1,2
16289,0,2
1143,3,1
28617,3,1
32138,1,2
35916,2,1
71203,5,2
39243,2,1
48610,0,2
35222,0,0
63637,2,2
83196,3,0
30902,3,2
63529,0,2
21312,1,1
31535,4,1
89731,2,2
74661,5,2
61496,2,2
40910,3,0
95263,1,2
57030,5,2
52913,3,2
31791,1,1
82283,4,1
75717,3,2
41338,5,2
15031,4,2
56315,4,0
65157,0,2
43232,2,2
57701,0,1
10726,1,2
49016,3,2
44839,1,2
14265,4,1
85761,4,2
2774,2,2
74157,3,2
9945,1,2
68395,1,1
14227,2,0
28996,4,2
6647,3,0
90057,2,1
39057,0,1
65199,1,2
61394,5,1
38987,3,2
48235,3,2
92108,4,2
28098,2,2
10011,3,1
40297,1,1
34459,1,2
40771,4,2
15527,3,2
78894,2,0
970,4,2
10430,2,0
48269,1,1
49604,5,2
19398,3,1
60760,3,2
39667,5,2
62352,2,2
71516,1,2
4608,0,2
46532,1,1
15927,1,2
39042,5,2
10557,0,2
14331,2,2
78039,3,0
18224,0,2
87523,5,2
97124,0,2
44139,5,2
83079,0,2
88611,3,0
59308,2,2
59136,2,2
81203,2,2
17618,3,2
54162,3,2
49337,2,1
71932,1,1
80447,2,0
79791,3,1
87821,3,2
67188,2,1
7226,5,1
58663,1,1
3840,1,2
58910,3,1
78743,4,2
51397,4,2
3195,5,2
40307,4,1
93077,0,2
56303,1,2
33113,5,2
25806,1,2
53413,5,1
60534,5,2
40842,3,0
16948,4,1
92244,0,2
7155,2,1
34017,2,2
24912,2,2
87314,3,1
42218,0,2
61691,0,2
8983,5,0
88912,4,2
53802,2,2
83757,1,1
54661,4,1
57783,2,1
24816,5,1
60548,1,2
27570,4,2
9210,1,2
46711,4,2
67923,1,2
39339,2,1
63387,3,1
55442,0,2
56532,3,0
10668,5,2
59350,5,2
25888,1,1
99048,4,2
46735,0,2
20734,3,1
63260,4,0
31837,3,0
82205,5,0
93451,3,0
21280,3,1
7692,5,0
24870,5,0
90430,2,2
91175,4,2
56286,2,2
12975,4,0
54073,5,1
38022,4,2
41330,0,2
61435,2,1
22230,5,2
23233,3,0
37662,2,2
24951,1,2
73025,4,2
33956,4,2
56109,2,0
83315,1,2
83874,3,2
9809,4,1
120,0,0
798,5,1
51628,5,2
6079,0,2
97989,1,0
68178,2,1
19766,0,2
54525,1,1
94113,2,1
9877,3,2
77896,0,1
14791,4,2
47637,3,0
95556,4,2
44407,3,2
20953,4,2
48047,3,2
90806,4,2
42271,1,1
62781,0,1
43768,0,1
44824,2,2
95243,5,0
95126,0,2
12748,2,2
39200,4,1
1136,1,1
6856,3,2
41238,1,1
20870,2,2
75058,2,0
86785,2,2
64165,1,2
71911,1,2
1391,0,0
33756,2,2
76504,0,0
78995,1,1
58641,5,2
10206,4,1
38566,1,0
31318,5,2
64642,1,2
6917,1,2
9990,2,2
56884,1,2
79043,2,1
91858,5,1
98213,0,2
49574,5,1
28094,4,1
1024,4,1
27801,3,2
5565,0,2
5939,4,1
70772,1,1
26726,3,0
76427,3,1
91388,5,2
49290,1,2
7648,3,2
83671,4,0
88436,0,1
78913,5,0
24564,4,1
57817,3,1
26353,4,1
36414,5,2
99784,1,1
36398,3,0
11337,2,1
53097,3,0
27874,0,1
69370,1,2
22959,1,0
10654,2,1
45281,4,2
69174,2,2
80606,5,1
29475,0,0
35129,2,2
86174,1,2
18276,3,2
88870,2,2
86077,0,1
33414,3,1
89873,4,1
80325,0,1
52657,2,2
15191,2,1
17009,3,2
62161,0,2
89232,3,2
88194,1,2
22094,2,2
84763,3,0
91708,1,2
46139,0,2
36866,5,2
8120,2,0
17778,5,2
92627,1,2
56363,1,0
93518,2,1
60276,1,0
64770,4,1
79678,1,2
96755,0,0
99924,5,1
46124,1,2
89705,4,2
24320,0,2
92639,5,2
83207,4,1
30819,2,2
49424,2,0
3659,5,2
15770,0,1
55352,1,2
28768,4,2
30706,5,1
74134,4,0
7588,4,1
49056,0,2
87004,4,2
76460,4,0
63082,1,1
12268,0,2
67919,5,1
65195,1,1
86159,1,0
3185,3,2
83313,5,2
66872,2,2
62248,1,2
82412,3,2
31994,0,0
29232,1,1
39389,2,0
43114,0,1
91176,0,2
22345,4,2
27623,0,2
14912,0,2
13883,3,1
4764,2,1
65769,4,1
73970,4,1
6178,2,1
19036,1,1
39797,5,1
96000,3,1
88804,3,2
5063,5,1
455,3,1
82421,0,2
61024,2,0
96192,4,2
42359,0,2
75688,3,2
5104,1,1
29372,0,1
3448,4,1
25889,5,2
3920,0,1
89300,0,0
31552,2,2
77369,5,0
48021,1,2
89197,2,0
51165,1,2
36695,5,2
29513,0,2
90180,1,1
6120,5,0
5596,3,1
77063,4,2
67243,0,1
32052,4,1
59681,2,0
99920,1,2
93864,1,1
98575,4,2
68549,2,0
28284,0,2
10127,1,0
97428,1,2
1244,1,1
98160,3,1
84372,2,0
97143,5,0
89090,4,2
77418,3,0
13249,1,2
3764,2,2
56695,4,0
17885,5,1
89245,0,2
62039,3,0
19833,5,1
95424,2,1
94673,0,0
86238,5,2
19151,0,0
64984,2,1
46291,0,0
42497,1,2
14738,1,2
51158,0,2
55026,1,2
19281,0,2
88820,0,2
91447,0,2
61559,0,1
93562,3,1
23288,2,2
79348,2,1
49591,2,0
6945,4,2
87251,5,2
9671,4,0
32614,3,2
32987,3,1
53210,1,1
81903,5,2
91633,0,2
45826,0,0
86722,2,2
69707,4,2
56399,5,1
32931,5,2
61630,3,2
9392,3,2
15111,4,2
21965,4,2
74118,3,2
9254,2,0
25268,2,2
31999,1,2
29943,5,2
53699,5,1
33724,4,2
22189,5,1
87450,1,2
55230,5,2
68553,3,2
81532,3,2
35391,3,0
97545,3,2
25851,0,2
47496,1,2
72024,2,2
83607,0,1
15240,4,1
83298,5,2
35253,0,0
89647,3,0
48835,4,2
60484,2,0
75926,0,2
87794,0,2
5665,2,2
70974,4,2
21909,4,1
71443,5,0
56273,1,0
14581,1,0
34693,5,1
3338,5,2
63361,4,1
66249,1,0
37322,1,1
69503,3,2
98506,1,2
69171,0,2
58149,5,2
66697,1,0
81946,4,1
91569,2,0
32831,2,0
76937,5,2
55566,0,1
63649,3,2
91649,2,1
90068,5,1
72186,0,1
49430,5,1
9611,1,2
47664,1,2
72270,5,2
70172,5,2
81590,2,2
98741,2,2
80033,5,1
35041,0,2
37761,2,2
67270,2,2
35977,1,1
89331,4,2
21045,2,0
97164,5,1
56917,3,2
82546,3,1
79889,2,1
25777,1,2
5688,4,1
98018,2,1
48872,3,1
37533,2,2
87649,1,2
77000,3,2
91584,4,1
61049,2,2
23228,2,2
8204,1,0
523,3,0
49810,1,1
85161,5,2
69847,1,0
13333,1,1
37839,0,2
14013,3,1
20135,0,2
37781,3,1
49064,2,1
26850,5,1
63924,2,1
65564,0,2
75577,5,2
10703,5,2
38072,3,2
82213,3,1
68920,5,0
2371,2,2
76005,1,2
50555,4,2
22550,1,1
3020,0,2
16922,1,2
27483,5,0
99451,0,0
70759,3,1
46429,4,1
8982,0,2
14904,1,2
16856,4,1
68356,0,2
4129,2,0
45107,4,2
24944,1,1
27307,1,2
44959,3,0
11085,2,1
21218,5,0
25399,0,0
75513,4,2
12686,1,2
99356,2,2
7958,2,2
6169,2,2
49839,4,2
86624,4,0
58202,0,2
99105,5,0
79657,0,2
26156,5,2
23450,4,1
8958,0,2
49508,3,1
38831,5,1
66258,0,2
97642,0,1
79253,5,1
70607,5,2
66588,0,0
8439,3,2
3775,5,2
44879,3,2
35893,3,2
38186,4,2
62496,5,2
70258,0,2
81607,1,1
74232,4,1
62171,3,2
92377,2,1
94069,1,2
49655,0,2
9701,4,2
76993,1,2
47315,2,2
31248,4,1
1562,5,1
14459,0,2
74694,1,2
44159,1,2
59951,2,1
44015,3,1
54314,5,0
44544,3,1
49131,4,1
92302,3,1
10466,1,2
83390,1,2
41662,0,1
29514,0,2
60332,0,1
77685,2,2
3815,2,0
88395,1,0
93481,2,2
36598,2,1
7096,2,1
37507,4,2
59754,2,2
47790,3,2
59565,0,2
9171,3,0
53544,4,1
48108,4,0
85947,5,2
96899,0,1
22798,5,0
59335,2,0
21270,0,0
74982,2,2
37368,5,2
75747,5,2
14,1,2
49325,4,1
98310,1,1
9059,1,1
39382,0,1
38865,1,2
34713,1,1
29579,4,1
15045,5,2
34590,0,2
47456,0,1
34953,0,1
44270,1,1
3083,0,1
62673,1,1
37354,1,2
73950,4,2
23862,0,2
10552,3,0
460,4,2
72414,4,2
96795,2,2
65438,5,0
5641,1,2
76279,1,0
58807,5,0
43825,5,2
81022,0,1
89087,2,2
30281,1,0
77614,2,2
94404,2,2
98008,5,2
1492,1,0
58803,0,0
30359,5,0
13077,2,2
86684,1,0
23714,4,2
65853,1,0
75597,0,0
39741,4,2
99815,4,2
78257,3,2
12219,3,2
73426,1,0
61436,2,0
81291,4,2
14994,3,0
67665,2,0
67126,3,1
16952,5,2
61744,0,2
49243,2,2
15939,1,0
80372,3,1
67764,0,1
17858,0,1
2833,5,2
20418,4,2
18947,5,2
32135,1,2
1268,2,0
84541,1,0
38627,3,2
11297,3,2
97957,2,0
773,3,2
27357,1,2
47731,0,1
11702,0,1
95366,4,2
96003,1,2
67282,1,0
46494,0,0
92012,2,2
27724,2,1
4711,1,0
61315,2,2
70167,2,1
38810,2,1
99118,2,0
71847,0,2
30333,0,1
48974,0,1
42451,2,2
11257,0,2
73283,3,2
60395,1,2
73102,3,2
91386,1,0
61118,2,2
49101,5,2
80075,0,2
85079,0,1
44795,2,2
15418,5,1
74067,1,0
11380,4,1
41333,4,1
75879,3,2
59827,1,1
18792,0,0
91793,4,2
49198,5,2
74855,3,2
41583,5,2
98192,4,2
29747,1,0
55734,2,2
54827,0,1
295,5,2
26987,0,2
63057,4,1
31651,1,0
10197,3,1
26456,4,2
48685,5,2
86603,5,2
54044,0,1
85951,4,1
40946,3,2
78650,1,2
97173,2,0
42580,1,1
18457,2,1
2944,3,2
47364,1,1
80154,4,2
74109,5,2
8376,2,0
30738,1,2
63345,2,0
49018,1,2
89048,2,2
87557,4,1
91003,4,0
57133,0,1
20699,5,0
13072,3,1
44282,5,2
61852,5,0
1022,1,2
81543,5,0
37481,2,1
10440,1,1
90434,0,1
69110,3,1
1752,2,2
69589,2,2
43477,5,0
41676,4,1
50646,2,2
67105,1,1
11489,5,0
43815,2,2
70976,0,2
69369,0,1
8100,0,1
44906,5,1
88726,2,1
58946,5,0
62196,1,1
42297,4,2
68594,1,2
80233,1,1
57228,4,2
78316,3,2
92808,4,2
45131,3,0
56925,1,2
94539,3,0
12048,2,0
4495,5,1
72674,2,2
30162,2,2
70376,2,2
51737,4,2
72315,5,2
66461,5,1
13660,0,1
36201,3,0
63557,1,1
84642,0,2
86699,0,2
41180,5,2
77532,4,1
32698,4,1
28369,0,2
36074,2,1
22829,3,2
32926,5,1
85956,5,1
12085,5,2
66878,5,1
60856,2,1
73984,2,2
94052,3,1
35290,5,0
53951,0,2
57159,5,2
24331,1,1
80684,4,2
9888,1,2
72864,0,1
33034,2,1
74933,4,2
21669,1,2
24422,1,2
634,4,0
65537,4,2
73583,0,1
706,1,1
90667,2,1
89558,1,2
37280,0,2
55794,3,2
92017,5,2
80118,0,0
59441,5,2
47980,3,1
77655,2,1
23881,2,1
48934,3,1
52553,5,2
89753,0,2
25094,1,0
46564,3,1
87262,5,2
64081,5,1
90832,3,1
67849,3,2
17252,1,2
4351,0,2
78954,2,2
26554,1,2
30039,0,2
36581,0,0
98982,0,1
57583,0,0
64698,0,1
44517,4,1
53923,0,2
3738,5,0
32049,0,1
74863,1,2
903,5,1
39001,1,1
87810,0,0
30496,2,2
35393,0,2
26927,4,1
3719,2,2
9900,0,1
39752,3,1
17899,2,0
35492,2,1
85569,2,2
94088,0,1
88810,4,1
2870,4,1
97018,4,0
88006,5,2
30877,0,2
20763,4,2
32094,5,1
50587,4,1
81053,1,0
93419,3,2
64867,0,0
20574,1,2
39914,0,1
54854,0,2
2309,1,2
46352,3,0
58332,1,1
49717,1,0
63752,1,2
54187,1,2
81743,0,2
904,5,1
92985,0,1
30555,0,1
14729,5,1
20120,0,2
91040,3,2
40919,2,2
44657,0,2
62527,3,1
35858,4,1
75734,0,2
82656,4,2
52692,0,1
31459,2,2
17089,1,0
35553,0,0
89198,3,1
45924,5,1
11701,2,0
83036,3,1
70217,5,2
60535,3,2
54941,4,0
54066,2,2
54940,1,2
24088,2,1
40599,1,0
99976,4,2
16934,4,1
17782,4,2
13038,1,0
69395,1,2
46195,1,2
26688,2,2
41831,5,2
14327,4,2
73560,3,2
4424,1,2
2150,5,2
68133,1,2
35950,5,2
27557,4,0
16060,4,2
32484,0,1
73078,2,2
7949,3,2
44310,2,1
96276,3,2
35499,5,1
34719,2,2
14695,0,0
13672,0,2
57831,2,2
16732,1,2
26168,5,0
13184,3,2
64743,4,0
37675,2,1
35272,0,1
55774,1,0
67508,3,1
70924,1,2
51083,0,1
43784,2,2
70178,1,2
70562,2,2
34353,3,1
57028,1,1
22684,3,2
4139,5,2
78737,1,2
11942,3,2
98428,3,2
90261,4,2
29320,2,2
74007,5,1
47778,0,1
92868,3,0
80611,1,1
37796,3,2
86622,3,1
58952,0,2
74115,5,2
5632,1,1
24747,0,1
32961,3,1
697,5,1
33171,4,1
52908,2,2
55190,0,1
15394,3,1
18759,3,1
87089,3,2
83282,2,1
94245,4,1
70139,4,1
56077,2,2
4395,4,2
36157,5,2
86732,5,2
7252,4,0
58113,5,1
81480,4,2
99512,2,1
79217,3,2
3716,0,0
29492,1,0
13115,0,1
54449,3,2
6289,3,2
37617,4,1
16908,1,1
90227,0,2
59500,4,2
88930,0,0
90511,2,0
62292,5,1
83247,2,0
7964,2,1
70254,1,1
74167,1,1
44929,1,2
73435,1,2
99546,2,2
35801,0,2
6852,0,2
67067,0,2
14948,4,0
21213,4,2
14060,1,2
33977,2,2
52017,2,2
20583,1,0
95937,4,2
1321,0,2
63105,5,2
52752,5,2
75847,0,1
4373,2,2
29152,1,2
16609,4,1
61043,3,1
81593,5,0
4384,1,1
15048,2,2
27352,0,1
37947,4,2
18317,5,1
50881,4,2
27803,3,1
71541,1,0
42871,2,2
22334,2,1
50764,5,2
8471,3,1
98250,1,2
93974,4,1
37800,3,1
10787,0,1
11784,1,1
25947,0,1
46048,1,1
69415,5,2
2958,5,2
62032,5,0
79698,2,2
37058,2,0
7515,4,2
16578,3,0
44579,3,0
49641,0,1
94722,2,1
13870,3,2
51000,5,2
19244,1,1
38929,4,0
70506,3,1
30246,2,2
59456,2,2
38432,0,2
36697,2,2
55036,3,1
62092,5,2
98473,2,0
8553,5,0
34842,4,2
68588,4,1
23437,2,2
87152,5,1
73054,5,2
14685,1,1
34149,5,2
19924,5,2
7268,5,2
20548,4,0
5299,3,2
16520,1,2
7528,2,2
29548,2,1
2040,2,2
40249,4,1
21090,3,2
46813,1,2
49936,0,1
14230,1,1
54075,5,0
10240,5,2
20390,4,2
20387,3,2
67029,3,2
35947,2,0
45482,0,2
72341,3,2
81845,1,2
49456,3,2
17448,3,2
34978,5,2
33578,4,2
23111,4,1
50469,1,2
59170,4,2
21516,1,2
52188,2,1
25181,5,1
56936,5,2
90041,0,1
37819,4,0
94901,3,2
76525,1,2
2177,0,0
19320,3,1
80601,4,2
93989,0,0
94521,0,2
29757,3,2
63039,5,0
89916,5,1
72841,2,1
96691,2,0
31119,5,2
84382,0,1
34998,3,1
2794,5,1
31648,1,2
2043,5,2
93456,2,1
69133,0,1
79860,3,1
16311,0,2
70643,0,2
48664,1,1
92465,4,0
5125,2,2
65476,3,0
15627,3,2
87173,4,2
42962,5,2
41406,4,1
26467,4,1
93607,0,0
4768,3,1
25044,0,2
8872,3,1
96999,1,1
39424,2,0
89980,3,2
93611,3,1
76809,0,2
9658,5,2
98717,1,2
79297,5,0
43499,1,2
82406,2,2
88664,2,2
36770,3,0
51922,5,2
31432,4,2
12677,0,0
44735,3,1
3399,3,2
67354,2,0
59304,2,2
42953,2,1
9681,3,2
43322,3,0
5985,0,2
59307,1,2
19443,5,1
80789,1,1
93862,0,2
86678,5,2
8175,5,1
30547,0,2
83427,0,2
49874,4,1
77852,5,0
60251,0,2
56425,3,2
67541,1,2
87178,1,1
72361,2,1
56938,5,1
4022,2,2
48886,2,2
18841,5,2
68522,2,1
11941,1,1
38514,5,2
13191,0,2
52303,3,1
52869,2,1
90004,3,1
49960,4,2
47459,3,1
56774,3,0
40174,4,0
51990,2,2
56959,1,2
21398,1,2
5902,0,1
70582,4,2
14452,5,0
38016,4,1
34312,1,0
65665,5,2
82304,3,2
81252,5,2
49180,1,2
5969,0,2
50289,0,2
94162,1,1
34699,1,1
43449,5,2
31577,3,0
39998,4,0
70479,2,1
94591,3,2
57548,5,0
60013,4,0
36893,2,2
56068,4,2
35653,1,0
24700,4,1
91761,4,1
28259,2,2
76819,4,1
91810,1,0
31591,5,1
